ISO-10303-21;
HEADER;
/* Generated by software containing ST-Developer
 * from STEP Tools, Inc. (www.steptools.com) 
 */

FILE_DESCRIPTION(
/* description */ (''),
/* implementation_level */ '2;1');

FILE_NAME(
/* name */ 
'D:/neilsOtherStuff/3DprinterStuff/BrushlessDCmotors/new power dist/XT
60E-F-2 v8.step',
/* time_stamp */ '2022-04-24T18:44:34-05:00',
/* author */ (''),
/* organization */ (''),
/* preprocessor_version */ 'ST-DEVELOPER v18.1',
/* originating_system */ 'Autodesk Translation Framework v10.14.0.1471',

/* authorisation */ '');

FILE_SCHEMA (('AUTOMOTIVE_DESIGN { 1 0 10303 214 3 1 1 }'));
ENDSEC;

DATA;
#10=MECHANICAL_DESIGN_GEOMETRIC_PRESENTATION_REPRESENTATION('',(#34,#35,
#36,#37),#2938);
#11=CONTEXT_DEPENDENT_OVER_RIDING_STYLED_ITEM('',(#2979),#2957,#37,(#23));
#12=MAPPED_ITEM('',#13,#1919);
#13=REPRESENTATION_MAP(#1919,#2954);
#14=CONICAL_SURFACE('',#1804,2.2,0.785398163397449);
#15=CONICAL_SURFACE('',#1812,2.2,0.785398163397449);
#16=CONICAL_SURFACE('',#1859,2.56,0.785398163397448);
#17=CONICAL_SURFACE('',#1872,2.56,0.785398163397448);
#18=ITEM_DEFINED_TRANSFORMATION($,$,#1751,#1802);
#19=ITEM_DEFINED_TRANSFORMATION($,$,#1750,#1917);
#20=ITEM_DEFINED_TRANSFORMATION($,$,#1803,#1918);
#21=(
REPRESENTATION_RELATIONSHIP($,$,#2956,#2955)
REPRESENTATION_RELATIONSHIP_WITH_TRANSFORMATION(#18)
SHAPE_REPRESENTATION_RELATIONSHIP()
);
#22=(
REPRESENTATION_RELATIONSHIP($,$,#2955,#2954)
REPRESENTATION_RELATIONSHIP_WITH_TRANSFORMATION(#19)
SHAPE_REPRESENTATION_RELATIONSHIP()
);
#23=(
REPRESENTATION_RELATIONSHIP($,$,#2957,#2954)
REPRESENTATION_RELATIONSHIP_WITH_TRANSFORMATION(#20)
SHAPE_REPRESENTATION_RELATIONSHIP()
);
#24=CONTEXT_DEPENDENT_SHAPE_REPRESENTATION(#21,#2950);
#25=CONTEXT_DEPENDENT_SHAPE_REPRESENTATION(#22,#2952);
#26=CONTEXT_DEPENDENT_SHAPE_REPRESENTATION(#23,#2953);
#27=NEXT_ASSEMBLY_USAGE_OCCURRENCE('pins:1','pins:1','pins:1',#2960,#2961,
'pins:1');
#28=NEXT_ASSEMBLY_USAGE_OCCURRENCE('Pins:1','Pins:1','Pins:1',#2959,#2960,
'Pins:1');
#29=NEXT_ASSEMBLY_USAGE_OCCURRENCE('Panel Mount V2:1',
'Panel Mount V2:1','Panel Mount V2:1',#2959,#2962,'Panel Mount V2:1');
#30=SHAPE_REPRESENTATION_RELATIONSHIP('SRR','None',#2956,#32);
#31=SHAPE_REPRESENTATION_RELATIONSHIP('SRR','None',#2957,#33);
#32=ADVANCED_BREP_SHAPE_REPRESENTATION('',(#38,#39),#2936);
#33=ADVANCED_BREP_SHAPE_REPRESENTATION('',(#40),#2937);
#34=STYLED_ITEM('',(#2980),#38);
#35=STYLED_ITEM('',(#2980),#39);
#36=STYLED_ITEM('',(#2979),#40);
#37=STYLED_ITEM('',(#2981),#12);
#38=MANIFOLD_SOLID_BREP('Body1',#1723);
#39=MANIFOLD_SOLID_BREP('Body2',#1724);
#40=MANIFOLD_SOLID_BREP('Body1',#1725);
#41=LINE('',#2446,#209);
#42=LINE('',#2462,#210);
#43=LINE('',#2465,#211);
#44=LINE('',#2468,#212);
#45=LINE('',#2470,#213);
#46=LINE('',#2471,#214);
#47=LINE('',#2474,#215);
#48=LINE('',#2476,#216);
#49=LINE('',#2477,#217);
#50=LINE('',#2483,#218);
#51=LINE('',#2499,#219);
#52=LINE('',#2515,#220);
#53=LINE('',#2518,#221);
#54=LINE('',#2521,#222);
#55=LINE('',#2523,#223);
#56=LINE('',#2524,#224);
#57=LINE('',#2527,#225);
#58=LINE('',#2529,#226);
#59=LINE('',#2530,#227);
#60=LINE('',#2538,#228);
#61=LINE('',#2545,#229);
#62=LINE('',#2550,#230);
#63=LINE('',#2552,#231);
#64=LINE('',#2554,#232);
#65=LINE('',#2556,#233);
#66=LINE('',#2558,#234);
#67=LINE('',#2560,#235);
#68=LINE('',#2562,#236);
#69=LINE('',#2569,#237);
#70=LINE('',#2572,#238);
#71=LINE('',#2577,#239);
#72=LINE('',#2581,#240);
#73=LINE('',#2583,#241);
#74=LINE('',#2585,#242);
#75=LINE('',#2586,#243);
#76=LINE('',#2589,#244);
#77=LINE('',#2591,#245);
#78=LINE('',#2592,#246);
#79=LINE('',#2595,#247);
#80=LINE('',#2597,#248);
#81=LINE('',#2598,#249);
#82=LINE('',#2606,#250);
#83=LINE('',#2608,#251);
#84=LINE('',#2610,#252);
#85=LINE('',#2611,#253);
#86=LINE('',#2614,#254);
#87=LINE('',#2616,#255);
#88=LINE('',#2617,#256);
#89=LINE('',#2620,#257);
#90=LINE('',#2622,#258);
#91=LINE('',#2623,#259);
#92=LINE('',#2625,#260);
#93=LINE('',#2626,#261);
#94=LINE('',#2631,#262);
#95=LINE('',#2633,#263);
#96=LINE('',#2635,#264);
#97=LINE('',#2636,#265);
#98=LINE('',#2639,#266);
#99=LINE('',#2641,#267);
#100=LINE('',#2642,#268);
#101=LINE('',#2645,#269);
#102=LINE('',#2647,#270);
#103=LINE('',#2648,#271);
#104=LINE('',#2653,#272);
#105=LINE('',#2657,#273);
#106=LINE('',#2659,#274);
#107=LINE('',#2660,#275);
#108=LINE('',#2669,#276);
#109=LINE('',#2673,#277);
#110=LINE('',#2675,#278);
#111=LINE('',#2676,#279);
#112=LINE('',#2682,#280);
#113=LINE('',#2684,#281);
#114=LINE('',#2686,#282);
#115=LINE('',#2689,#283);
#116=LINE('',#2692,#284);
#117=LINE('',#2694,#285);
#118=LINE('',#2695,#286);
#119=LINE('',#2698,#287);
#120=LINE('',#2699,#288);
#121=LINE('',#2702,#289);
#122=LINE('',#2704,#290);
#123=LINE('',#2705,#291);
#124=LINE('',#2708,#292);
#125=LINE('',#2710,#293);
#126=LINE('',#2711,#294);
#127=LINE('',#2714,#295);
#128=LINE('',#2715,#296);
#129=LINE('',#2719,#297);
#130=LINE('',#2722,#298);
#131=LINE('',#2727,#299);
#132=LINE('',#2730,#300);
#133=LINE('',#2733,#301);
#134=LINE('',#2735,#302);
#135=LINE('',#2740,#303);
#136=LINE('',#2747,#304);
#137=LINE('',#2749,#305);
#138=LINE('',#2751,#306);
#139=LINE('',#2753,#307);
#140=LINE('',#2755,#308);
#141=LINE('',#2759,#309);
#142=LINE('',#2763,#310);
#143=LINE('',#2765,#311);
#144=LINE('',#2767,#312);
#145=LINE('',#2769,#313);
#146=LINE('',#2771,#314);
#147=LINE('',#2774,#315);
#148=LINE('',#2781,#316);
#149=LINE('',#2783,#317);
#150=LINE('',#2785,#318);
#151=LINE('',#2788,#319);
#152=LINE('',#2791,#320);
#153=LINE('',#2795,#321);
#154=LINE('',#2799,#322);
#155=LINE('',#2805,#323);
#156=LINE('',#2806,#324);
#157=LINE('',#2809,#325);
#158=LINE('',#2810,#326);
#159=LINE('',#2814,#327);
#160=LINE('',#2817,#328);
#161=LINE('',#2818,#329);
#162=LINE('',#2823,#330);
#163=LINE('',#2824,#331);
#164=LINE('',#2827,#332);
#165=LINE('',#2828,#333);
#166=LINE('',#2832,#334);
#167=LINE('',#2835,#335);
#168=LINE('',#2837,#336);
#169=LINE('',#2838,#337);
#170=LINE('',#2840,#338);
#171=LINE('',#2843,#339);
#172=LINE('',#2844,#340);
#173=LINE('',#2847,#341);
#174=LINE('',#2848,#342);
#175=LINE('',#2851,#343);
#176=LINE('',#2852,#344);
#177=LINE('',#2855,#345);
#178=LINE('',#2856,#346);
#179=LINE('',#2858,#347);
#180=LINE('',#2861,#348);
#181=LINE('',#2862,#349);
#182=LINE('',#2864,#350);
#183=LINE('',#2869,#351);
#184=LINE('',#2873,#352);
#185=LINE('',#2877,#353);
#186=LINE('',#2878,#354);
#187=LINE('',#2881,#355);
#188=LINE('',#2883,#356);
#189=LINE('',#2887,#357);
#190=LINE('',#2889,#358);
#191=LINE('',#2891,#359);
#192=LINE('',#2893,#360);
#193=LINE('',#2894,#361);
#194=LINE('',#2896,#362);
#195=LINE('',#2899,#363);
#196=LINE('',#2900,#364);
#197=LINE('',#2902,#365);
#198=LINE('',#2904,#366);
#199=LINE('',#2906,#367);
#200=LINE('',#2908,#368);
#201=LINE('',#2911,#369);
#202=LINE('',#2912,#370);
#203=LINE('',#2914,#371);
#204=LINE('',#2916,#372);
#205=LINE('',#2918,#373);
#206=LINE('',#2920,#374);
#207=LINE('',#2922,#375);
#208=LINE('',#2924,#376);
#209=VECTOR('',#1942,1.75);
#210=VECTOR('',#1959,10.);
#211=VECTOR('',#1962,10.);
#212=VECTOR('',#1965,10.);
#213=VECTOR('',#1966,10.);
#214=VECTOR('',#1967,10.);
#215=VECTOR('',#1970,10.);
#216=VECTOR('',#1971,10.);
#217=VECTOR('',#1972,10.);
#218=VECTOR('',#1981,2.15);
#219=VECTOR('',#2002,1.75);
#220=VECTOR('',#2019,10.);
#221=VECTOR('',#2022,10.);
#222=VECTOR('',#2025,10.);
#223=VECTOR('',#2026,10.);
#224=VECTOR('',#2027,10.);
#225=VECTOR('',#2030,10.);
#226=VECTOR('',#2031,10.);
#227=VECTOR('',#2032,10.);
#228=VECTOR('',#2045,2.15);
#229=VECTOR('',#2054,2.2);
#230=VECTOR('',#2059,10.);
#231=VECTOR('',#2060,10.);
#232=VECTOR('',#2061,10.);
#233=VECTOR('',#2062,10.);
#234=VECTOR('',#2063,10.);
#235=VECTOR('',#2064,10.);
#236=VECTOR('',#2065,10.);
#237=VECTOR('',#2074,2.15);
#238=VECTOR('',#2077,2.2);
#239=VECTOR('',#2084,2.15);
#240=VECTOR('',#2087,10.);
#241=VECTOR('',#2088,10.);
#242=VECTOR('',#2089,10.);
#243=VECTOR('',#2090,10.);
#244=VECTOR('',#2093,10.);
#245=VECTOR('',#2094,10.);
#246=VECTOR('',#2095,10.);
#247=VECTOR('',#2098,10.);
#248=VECTOR('',#2099,10.);
#249=VECTOR('',#2100,10.);
#250=VECTOR('',#2111,10.);
#251=VECTOR('',#2112,10.);
#252=VECTOR('',#2113,10.);
#253=VECTOR('',#2114,10.);
#254=VECTOR('',#2117,10.);
#255=VECTOR('',#2118,10.);
#256=VECTOR('',#2119,10.);
#257=VECTOR('',#2122,10.);
#258=VECTOR('',#2123,10.);
#259=VECTOR('',#2124,10.);
#260=VECTOR('',#2127,10.);
#261=VECTOR('',#2128,10.);
#262=VECTOR('',#2133,10.);
#263=VECTOR('',#2134,10.);
#264=VECTOR('',#2135,10.);
#265=VECTOR('',#2136,10.);
#266=VECTOR('',#2139,10.);
#267=VECTOR('',#2140,10.);
#268=VECTOR('',#2141,10.);
#269=VECTOR('',#2144,10.);
#270=VECTOR('',#2145,10.);
#271=VECTOR('',#2146,10.);
#272=VECTOR('',#2151,10.);
#273=VECTOR('',#2156,10.);
#274=VECTOR('',#2157,10.);
#275=VECTOR('',#2158,10.);
#276=VECTOR('',#2169,10.);
#277=VECTOR('',#2172,10.);
#278=VECTOR('',#2173,10.);
#279=VECTOR('',#2174,10.);
#280=VECTOR('',#2179,10.);
#281=VECTOR('',#2180,10.);
#282=VECTOR('',#2181,10.);
#283=VECTOR('',#2184,10.);
#284=VECTOR('',#2187,10.);
#285=VECTOR('',#2188,10.);
#286=VECTOR('',#2189,10.);
#287=VECTOR('',#2192,10.);
#288=VECTOR('',#2193,10.);
#289=VECTOR('',#2196,10.);
#290=VECTOR('',#2197,10.);
#291=VECTOR('',#2198,10.);
#292=VECTOR('',#2201,10.);
#293=VECTOR('',#2202,10.);
#294=VECTOR('',#2203,10.);
#295=VECTOR('',#2206,10.);
#296=VECTOR('',#2207,10.);
#297=VECTOR('',#2212,10.);
#298=VECTOR('',#2215,10.);
#299=VECTOR('',#2222,10.);
#300=VECTOR('',#2225,10.);
#301=VECTOR('',#2230,10.);
#302=VECTOR('',#2233,10.);
#303=VECTOR('',#2238,2.56);
#304=VECTOR('',#2245,10.);
#305=VECTOR('',#2246,10.);
#306=VECTOR('',#2247,10.);
#307=VECTOR('',#2248,10.);
#308=VECTOR('',#2249,10.);
#309=VECTOR('',#2252,10.);
#310=VECTOR('',#2255,10.);
#311=VECTOR('',#2256,10.);
#312=VECTOR('',#2257,10.);
#313=VECTOR('',#2258,10.);
#314=VECTOR('',#2259,10.);
#315=VECTOR('',#2262,10.);
#316=VECTOR('',#2267,10.);
#317=VECTOR('',#2268,10.);
#318=VECTOR('',#2269,10.);
#319=VECTOR('',#2272,10.);
#320=VECTOR('',#2275,1.56);
#321=VECTOR('',#2280,2.56);
#322=VECTOR('',#2285,1.56);
#323=VECTOR('',#2292,10.);
#324=VECTOR('',#2293,10.);
#325=VECTOR('',#2296,10.);
#326=VECTOR('',#2297,10.);
#327=VECTOR('',#2302,10.);
#328=VECTOR('',#2305,10.);
#329=VECTOR('',#2306,10.);
#330=VECTOR('',#2311,10.);
#331=VECTOR('',#2312,10.);
#332=VECTOR('',#2315,10.);
#333=VECTOR('',#2316,10.);
#334=VECTOR('',#2321,10.);
#335=VECTOR('',#2324,10.);
#336=VECTOR('',#2325,10.);
#337=VECTOR('',#2326,10.);
#338=VECTOR('',#2329,10.);
#339=VECTOR('',#2332,10.);
#340=VECTOR('',#2333,10.);
#341=VECTOR('',#2336,10.);
#342=VECTOR('',#2337,10.);
#343=VECTOR('',#2340,10.);
#344=VECTOR('',#2341,10.);
#345=VECTOR('',#2344,10.);
#346=VECTOR('',#2345,10.);
#347=VECTOR('',#2348,10.);
#348=VECTOR('',#2351,10.);
#349=VECTOR('',#2352,10.);
#350=VECTOR('',#2355,10.);
#351=VECTOR('',#2360,10.);
#352=VECTOR('',#2363,10.);
#353=VECTOR('',#2366,10.);
#354=VECTOR('',#2367,10.);
#355=VECTOR('',#2368,10.);
#356=VECTOR('',#2369,10.);
#357=VECTOR('',#2372,10.);
#358=VECTOR('',#2373,10.);
#359=VECTOR('',#2374,10.);
#360=VECTOR('',#2375,10.);
#361=VECTOR('',#2376,10.);
#362=VECTOR('',#2379,10.);
#363=VECTOR('',#2384,10.);
#364=VECTOR('',#2385,10.);
#365=VECTOR('',#2388,10.);
#366=VECTOR('',#2391,10.);
#367=VECTOR('',#2394,10.);
#368=VECTOR('',#2397,10.);
#369=VECTOR('',#2402,10.);
#370=VECTOR('',#2403,10.);
#371=VECTOR('',#2406,10.);
#372=VECTOR('',#2409,10.);
#373=VECTOR('',#2412,10.);
#374=VECTOR('',#2415,10.);
#375=VECTOR('',#2418,10.);
#376=VECTOR('',#2421,10.);
#377=CYLINDRICAL_SURFACE('',#1759,1.75);
#378=CYLINDRICAL_SURFACE('',#1767,1.75);
#379=CYLINDRICAL_SURFACE('',#1774,2.15);
#380=CYLINDRICAL_SURFACE('',#1784,1.75);
#381=CYLINDRICAL_SURFACE('',#1792,1.75);
#382=CYLINDRICAL_SURFACE('',#1801,2.15);
#383=CYLINDRICAL_SURFACE('',#1810,2.15);
#384=CYLINDRICAL_SURFACE('',#1814,2.15);
#385=CYLINDRICAL_SURFACE('',#1819,3.25);
#386=CYLINDRICAL_SURFACE('',#1831,2.30999977811419);
#387=CYLINDRICAL_SURFACE('',#1835,2.3099998419788);
#388=CYLINDRICAL_SURFACE('',#1849,3.80999984197881);
#389=CYLINDRICAL_SURFACE('',#1851,3.80999984197881);
#390=CYLINDRICAL_SURFACE('',#1853,3.8099997781142);
#391=CYLINDRICAL_SURFACE('',#1855,3.8099997781142);
#392=CYLINDRICAL_SURFACE('',#1870,1.56);
#393=CYLINDRICAL_SURFACE('',#1874,1.56);
#394=CYLINDRICAL_SURFACE('',#1876,0.5);
#395=CYLINDRICAL_SURFACE('',#1879,0.5);
#396=CYLINDRICAL_SURFACE('',#1882,0.5);
#397=CYLINDRICAL_SURFACE('',#1885,0.5);
#398=CYLINDRICAL_SURFACE('',#1906,2.29999967301527);
#399=CYLINDRICAL_SURFACE('',#1908,2.2999997781142);
#400=CYLINDRICAL_SURFACE('',#1915,3.25);
#401=SPHERICAL_SURFACE('',#1755,1.75);
#402=SPHERICAL_SURFACE('',#1760,1.75);
#403=SPHERICAL_SURFACE('',#1780,1.75);
#404=SPHERICAL_SURFACE('',#1785,1.75);
#405=FACE_BOUND('',#516,.T.);
#406=FACE_BOUND('',#527,.T.);
#407=FACE_BOUND('',#539,.T.);
#408=FACE_BOUND('',#540,.T.);
#409=FACE_BOUND('',#549,.T.);
#410=FACE_BOUND('',#555,.T.);
#411=FACE_BOUND('',#563,.T.);
#412=FACE_BOUND('',#565,.T.);
#413=FACE_BOUND('',#579,.T.);
#414=FACE_BOUND('',#580,.T.);
#415=FACE_BOUND('',#581,.T.);
#416=FACE_BOUND('',#602,.T.);
#417=FACE_BOUND('',#603,.T.);
#418=FACE_BOUND('',#604,.T.);
#419=FACE_BOUND('',#606,.T.);
#420=FACE_BOUND('',#608,.T.);
#421=FACE_BOUND('',#609,.T.);
#422=FACE_OUTER_BOUND('',#515,.T.);
#423=FACE_OUTER_BOUND('',#517,.T.);
#424=FACE_OUTER_BOUND('',#518,.T.);
#425=FACE_OUTER_BOUND('',#519,.T.);
#426=FACE_OUTER_BOUND('',#520,.T.);
#427=FACE_OUTER_BOUND('',#521,.T.);
#428=FACE_OUTER_BOUND('',#522,.T.);
#429=FACE_OUTER_BOUND('',#523,.T.);
#430=FACE_OUTER_BOUND('',#524,.T.);
#431=FACE_OUTER_BOUND('',#525,.T.);
#432=FACE_OUTER_BOUND('',#526,.T.);
#433=FACE_OUTER_BOUND('',#528,.T.);
#434=FACE_OUTER_BOUND('',#529,.T.);
#435=FACE_OUTER_BOUND('',#530,.T.);
#436=FACE_OUTER_BOUND('',#531,.T.);
#437=FACE_OUTER_BOUND('',#532,.T.);
#438=FACE_OUTER_BOUND('',#533,.T.);
#439=FACE_OUTER_BOUND('',#534,.T.);
#440=FACE_OUTER_BOUND('',#535,.T.);
#441=FACE_OUTER_BOUND('',#536,.T.);
#442=FACE_OUTER_BOUND('',#537,.T.);
#443=FACE_OUTER_BOUND('',#538,.T.);
#444=FACE_OUTER_BOUND('',#541,.T.);
#445=FACE_OUTER_BOUND('',#542,.T.);
#446=FACE_OUTER_BOUND('',#543,.T.);
#447=FACE_OUTER_BOUND('',#544,.T.);
#448=FACE_OUTER_BOUND('',#545,.T.);
#449=FACE_OUTER_BOUND('',#546,.T.);
#450=FACE_OUTER_BOUND('',#547,.T.);
#451=FACE_OUTER_BOUND('',#548,.T.);
#452=FACE_OUTER_BOUND('',#550,.T.);
#453=FACE_OUTER_BOUND('',#551,.T.);
#454=FACE_OUTER_BOUND('',#552,.T.);
#455=FACE_OUTER_BOUND('',#553,.T.);
#456=FACE_OUTER_BOUND('',#554,.T.);
#457=FACE_OUTER_BOUND('',#556,.T.);
#458=FACE_OUTER_BOUND('',#557,.T.);
#459=FACE_OUTER_BOUND('',#558,.T.);
#460=FACE_OUTER_BOUND('',#559,.T.);
#461=FACE_OUTER_BOUND('',#560,.T.);
#462=FACE_OUTER_BOUND('',#561,.T.);
#463=FACE_OUTER_BOUND('',#562,.T.);
#464=FACE_OUTER_BOUND('',#564,.T.);
#465=FACE_OUTER_BOUND('',#566,.T.);
#466=FACE_OUTER_BOUND('',#567,.T.);
#467=FACE_OUTER_BOUND('',#568,.T.);
#468=FACE_OUTER_BOUND('',#569,.T.);
#469=FACE_OUTER_BOUND('',#570,.T.);
#470=FACE_OUTER_BOUND('',#571,.T.);
#471=FACE_OUTER_BOUND('',#572,.T.);
#472=FACE_OUTER_BOUND('',#573,.T.);
#473=FACE_OUTER_BOUND('',#574,.T.);
#474=FACE_OUTER_BOUND('',#575,.T.);
#475=FACE_OUTER_BOUND('',#576,.T.);
#476=FACE_OUTER_BOUND('',#577,.T.);
#477=FACE_OUTER_BOUND('',#578,.T.);
#478=FACE_OUTER_BOUND('',#582,.T.);
#479=FACE_OUTER_BOUND('',#583,.T.);
#480=FACE_OUTER_BOUND('',#584,.T.);
#481=FACE_OUTER_BOUND('',#585,.T.);
#482=FACE_OUTER_BOUND('',#586,.T.);
#483=FACE_OUTER_BOUND('',#587,.T.);
#484=FACE_OUTER_BOUND('',#588,.T.);
#485=FACE_OUTER_BOUND('',#589,.T.);
#486=FACE_OUTER_BOUND('',#590,.T.);
#487=FACE_OUTER_BOUND('',#591,.T.);
#488=FACE_OUTER_BOUND('',#592,.T.);
#489=FACE_OUTER_BOUND('',#593,.T.);
#490=FACE_OUTER_BOUND('',#594,.T.);
#491=FACE_OUTER_BOUND('',#595,.T.);
#492=FACE_OUTER_BOUND('',#596,.T.);
#493=FACE_OUTER_BOUND('',#597,.T.);
#494=FACE_OUTER_BOUND('',#598,.T.);
#495=FACE_OUTER_BOUND('',#599,.T.);
#496=FACE_OUTER_BOUND('',#600,.T.);
#497=FACE_OUTER_BOUND('',#601,.T.);
#498=FACE_OUTER_BOUND('',#605,.T.);
#499=FACE_OUTER_BOUND('',#607,.T.);
#500=FACE_OUTER_BOUND('',#610,.T.);
#501=FACE_OUTER_BOUND('',#611,.T.);
#502=FACE_OUTER_BOUND('',#612,.T.);
#503=FACE_OUTER_BOUND('',#613,.T.);
#504=FACE_OUTER_BOUND('',#614,.T.);
#505=FACE_OUTER_BOUND('',#615,.T.);
#506=FACE_OUTER_BOUND('',#616,.T.);
#507=FACE_OUTER_BOUND('',#617,.T.);
#508=FACE_OUTER_BOUND('',#618,.T.);
#509=FACE_OUTER_BOUND('',#619,.T.);
#510=FACE_OUTER_BOUND('',#620,.T.);
#511=FACE_OUTER_BOUND('',#621,.T.);
#512=FACE_OUTER_BOUND('',#622,.T.);
#513=FACE_OUTER_BOUND('',#623,.T.);
#514=FACE_OUTER_BOUND('',#624,.T.);
#515=EDGE_LOOP('',(#1093));
#516=EDGE_LOOP('',(#1094));
#517=EDGE_LOOP('',(#1095,#1096,#1097,#1098));
#518=EDGE_LOOP('',(#1099,#1100,#1101,#1102,#1103));
#519=EDGE_LOOP('',(#1104,#1105,#1106,#1107,#1108,#1109,#1110));
#520=EDGE_LOOP('',(#1111,#1112,#1113,#1114,#1115));
#521=EDGE_LOOP('',(#1116,#1117,#1118,#1119,#1120));
#522=EDGE_LOOP('',(#1121,#1122,#1123,#1124,#1125));
#523=EDGE_LOOP('',(#1126,#1127,#1128,#1129,#1130));
#524=EDGE_LOOP('',(#1131,#1132,#1133,#1134,#1135,#1136,#1137,#1138));
#525=EDGE_LOOP('',(#1139,#1140,#1141,#1142));
#526=EDGE_LOOP('',(#1143));
#527=EDGE_LOOP('',(#1144));
#528=EDGE_LOOP('',(#1145,#1146,#1147,#1148));
#529=EDGE_LOOP('',(#1149,#1150,#1151,#1152,#1153));
#530=EDGE_LOOP('',(#1154,#1155,#1156,#1157,#1158,#1159,#1160));
#531=EDGE_LOOP('',(#1161,#1162,#1163,#1164));
#532=EDGE_LOOP('',(#1165,#1166,#1167,#1168,#1169));
#533=EDGE_LOOP('',(#1170,#1171,#1172,#1173,#1174));
#534=EDGE_LOOP('',(#1175,#1176,#1177,#1178,#1179));
#535=EDGE_LOOP('',(#1180,#1181,#1182,#1183,#1184));
#536=EDGE_LOOP('',(#1185,#1186,#1187,#1188,#1189,#1190,#1191,#1192));
#537=EDGE_LOOP('',(#1193,#1194,#1195,#1196));
#538=EDGE_LOOP('',(#1197,#1198,#1199,#1200,#1201,#1202,#1203,#1204));
#539=EDGE_LOOP('',(#1205));
#540=EDGE_LOOP('',(#1206));
#541=EDGE_LOOP('',(#1207,#1208,#1209,#1210));
#542=EDGE_LOOP('',(#1211,#1212,#1213,#1214));
#543=EDGE_LOOP('',(#1215,#1216,#1217,#1218));
#544=EDGE_LOOP('',(#1219,#1220,#1221,#1222));
#545=EDGE_LOOP('',(#1223,#1224,#1225,#1226));
#546=EDGE_LOOP('',(#1227,#1228,#1229,#1230));
#547=EDGE_LOOP('',(#1231,#1232,#1233,#1234));
#548=EDGE_LOOP('',(#1235,#1236,#1237,#1238));
#549=EDGE_LOOP('',(#1239));
#550=EDGE_LOOP('',(#1240,#1241,#1242,#1243));
#551=EDGE_LOOP('',(#1244,#1245,#1246,#1247));
#552=EDGE_LOOP('',(#1248,#1249,#1250,#1251));
#553=EDGE_LOOP('',(#1252,#1253,#1254,#1255));
#554=EDGE_LOOP('',(#1256,#1257,#1258,#1259));
#555=EDGE_LOOP('',(#1260));
#556=EDGE_LOOP('',(#1261,#1262,#1263,#1264));
#557=EDGE_LOOP('',(#1265,#1266,#1267,#1268));
#558=EDGE_LOOP('',(#1269,#1270,#1271,#1272));
#559=EDGE_LOOP('',(#1273,#1274,#1275,#1276));
#560=EDGE_LOOP('',(#1277,#1278,#1279,#1280));
#561=EDGE_LOOP('',(#1281,#1282,#1283,#1284));
#562=EDGE_LOOP('',(#1285,#1286,#1287,#1288,#1289,#1290));
#563=EDGE_LOOP('',(#1291,#1292,#1293,#1294,#1295,#1296));
#564=EDGE_LOOP('',(#1297,#1298,#1299,#1300,#1301,#1302));
#565=EDGE_LOOP('',(#1303,#1304,#1305,#1306,#1307,#1308));
#566=EDGE_LOOP('',(#1309,#1310,#1311,#1312));
#567=EDGE_LOOP('',(#1313,#1314,#1315,#1316));
#568=EDGE_LOOP('',(#1317,#1318,#1319,#1320));
#569=EDGE_LOOP('',(#1321,#1322,#1323,#1324));
#570=EDGE_LOOP('',(#1325,#1326,#1327,#1328));
#571=EDGE_LOOP('',(#1329,#1330,#1331,#1332));
#572=EDGE_LOOP('',(#1333,#1334,#1335,#1336));
#573=EDGE_LOOP('',(#1337,#1338,#1339,#1340));
#574=EDGE_LOOP('',(#1341,#1342,#1343,#1344));
#575=EDGE_LOOP('',(#1345,#1346,#1347,#1348));
#576=EDGE_LOOP('',(#1349,#1350,#1351,#1352));
#577=EDGE_LOOP('',(#1353,#1354,#1355,#1356));
#578=EDGE_LOOP('',(#1357,#1358,#1359,#1360,#1361,#1362,#1363,#1364,#1365,
#1366,#1367,#1368,#1369,#1370,#1371,#1372));
#579=EDGE_LOOP('',(#1373));
#580=EDGE_LOOP('',(#1374,#1375,#1376,#1377,#1378,#1379));
#581=EDGE_LOOP('',(#1380));
#582=EDGE_LOOP('',(#1381,#1382,#1383,#1384));
#583=EDGE_LOOP('',(#1385,#1386,#1387,#1388));
#584=EDGE_LOOP('',(#1389,#1390,#1391,#1392));
#585=EDGE_LOOP('',(#1393,#1394,#1395,#1396));
#586=EDGE_LOOP('',(#1397,#1398,#1399,#1400));
#587=EDGE_LOOP('',(#1401,#1402,#1403,#1404));
#588=EDGE_LOOP('',(#1405,#1406,#1407,#1408));
#589=EDGE_LOOP('',(#1409,#1410,#1411,#1412));
#590=EDGE_LOOP('',(#1413,#1414,#1415,#1416));
#591=EDGE_LOOP('',(#1417,#1418,#1419,#1420));
#592=EDGE_LOOP('',(#1421,#1422,#1423,#1424));
#593=EDGE_LOOP('',(#1425,#1426,#1427,#1428));
#594=EDGE_LOOP('',(#1429,#1430,#1431,#1432));
#595=EDGE_LOOP('',(#1433,#1434,#1435,#1436));
#596=EDGE_LOOP('',(#1437,#1438,#1439,#1440));
#597=EDGE_LOOP('',(#1441,#1442,#1443,#1444));
#598=EDGE_LOOP('',(#1445,#1446,#1447,#1448));
#599=EDGE_LOOP('',(#1449,#1450,#1451,#1452));
#600=EDGE_LOOP('',(#1453,#1454,#1455,#1456));
#601=EDGE_LOOP('',(#1457,#1458,#1459,#1460,#1461,#1462,#1463,#1464,#1465,
#1466,#1467,#1468,#1469,#1470,#1471,#1472));
#602=EDGE_LOOP('',(#1473));
#603=EDGE_LOOP('',(#1474));
#604=EDGE_LOOP('',(#1475,#1476,#1477,#1478,#1479,#1480));
#605=EDGE_LOOP('',(#1481,#1482,#1483,#1484,#1485,#1486));
#606=EDGE_LOOP('',(#1487,#1488,#1489,#1490,#1491,#1492,#1493,#1494));
#607=EDGE_LOOP('',(#1495,#1496,#1497,#1498,#1499,#1500));
#608=EDGE_LOOP('',(#1501,#1502,#1503,#1504));
#609=EDGE_LOOP('',(#1505,#1506,#1507,#1508));
#610=EDGE_LOOP('',(#1509,#1510,#1511,#1512));
#611=EDGE_LOOP('',(#1513,#1514,#1515,#1516));
#612=EDGE_LOOP('',(#1517,#1518,#1519,#1520));
#613=EDGE_LOOP('',(#1521,#1522,#1523,#1524));
#614=EDGE_LOOP('',(#1525,#1526,#1527,#1528));
#615=EDGE_LOOP('',(#1529,#1530,#1531,#1532));
#616=EDGE_LOOP('',(#1533,#1534,#1535,#1536));
#617=EDGE_LOOP('',(#1537,#1538,#1539,#1540));
#618=EDGE_LOOP('',(#1541,#1542,#1543,#1544));
#619=EDGE_LOOP('',(#1545,#1546,#1547,#1548));
#620=EDGE_LOOP('',(#1549,#1550,#1551,#1552));
#621=EDGE_LOOP('',(#1553,#1554,#1555,#1556));
#622=EDGE_LOOP('',(#1557,#1558,#1559,#1560));
#623=EDGE_LOOP('',(#1561,#1562,#1563,#1564));
#624=EDGE_LOOP('',(#1565,#1566,#1567,#1568));
#625=CIRCLE('',#1753,2.15);
#626=CIRCLE('',#1754,1.75);
#627=CIRCLE('',#1756,1.75);
#628=CIRCLE('',#1757,1.75);
#629=CIRCLE('',#1758,1.75);
#630=CIRCLE('',#1761,1.75);
#631=CIRCLE('',#1762,1.75);
#632=CIRCLE('',#1763,1.75);
#633=CIRCLE('',#1764,1.75);
#634=CIRCLE('',#1765,1.75);
#635=CIRCLE('',#1766,1.73205080756888);
#636=CIRCLE('',#1768,1.75);
#637=CIRCLE('',#1772,2.15);
#638=CIRCLE('',#1773,2.15);
#639=CIRCLE('',#1775,2.15);
#640=CIRCLE('',#1778,2.15);
#641=CIRCLE('',#1779,1.75);
#642=CIRCLE('',#1781,1.75);
#643=CIRCLE('',#1782,1.75);
#644=CIRCLE('',#1783,1.75);
#645=CIRCLE('',#1786,1.75);
#646=CIRCLE('',#1787,1.75);
#647=CIRCLE('',#1788,1.75);
#648=CIRCLE('',#1789,1.73205080756888);
#649=CIRCLE('',#1790,1.75);
#650=CIRCLE('',#1791,1.73205080756888);
#651=CIRCLE('',#1793,1.75);
#652=CIRCLE('',#1797,2.15);
#653=CIRCLE('',#1799,2.15);
#654=CIRCLE('',#1800,2.15);
#655=CIRCLE('',#1805,2.25);
#656=CIRCLE('',#1806,2.15);
#657=CIRCLE('',#1808,3.25);
#658=CIRCLE('',#1809,2.25);
#659=CIRCLE('',#1811,2.15);
#660=CIRCLE('',#1813,2.15);
#661=CIRCLE('',#1815,2.15);
#662=CIRCLE('',#1820,3.25);
#663=CIRCLE('',#1821,3.25);
#664=CIRCLE('',#1832,2.30999977811419);
#665=CIRCLE('',#1833,2.30999977811419);
#666=CIRCLE('',#1836,2.3099998419788);
#667=CIRCLE('',#1837,2.3099998419788);
#668=CIRCLE('',#1839,3.8099997781142);
#669=CIRCLE('',#1840,3.80999984197881);
#670=CIRCLE('',#1842,3.8099997781142);
#671=CIRCLE('',#1843,3.80999984197881);
#672=CIRCLE('',#1850,3.80999984197881);
#673=CIRCLE('',#1852,3.80999984197881);
#674=CIRCLE('',#1854,3.8099997781142);
#675=CIRCLE('',#1856,3.8099997781142);
#676=CIRCLE('',#1860,3.56);
#677=CIRCLE('',#1861,1.56);
#678=CIRCLE('',#1863,0.5);
#679=CIRCLE('',#1864,0.5);
#680=CIRCLE('',#1865,0.5);
#681=CIRCLE('',#1866,0.5);
#682=CIRCLE('',#1867,3.56);
#683=CIRCLE('',#1868,2.2999997781142);
#684=CIRCLE('',#1869,2.29999967301527);
#685=CIRCLE('',#1871,1.56);
#686=CIRCLE('',#1873,1.56);
#687=CIRCLE('',#1875,1.56);
#688=CIRCLE('',#1877,0.5);
#689=CIRCLE('',#1880,0.5);
#690=CIRCLE('',#1883,0.5);
#691=CIRCLE('',#1886,0.5);
#692=CIRCLE('',#1898,2.2999997781142);
#693=CIRCLE('',#1899,2.29999967301527);
#694=CIRCLE('',#1900,3.25);
#695=VERTEX_POINT('',#2434);
#696=VERTEX_POINT('',#2436);
#697=VERTEX_POINT('',#2439);
#698=VERTEX_POINT('',#2440);
#699=VERTEX_POINT('',#2442);
#700=VERTEX_POINT('',#2448);
#701=VERTEX_POINT('',#2449);
#702=VERTEX_POINT('',#2451);
#703=VERTEX_POINT('',#2453);
#704=VERTEX_POINT('',#2455);
#705=VERTEX_POINT('',#2457);
#706=VERTEX_POINT('',#2461);
#707=VERTEX_POINT('',#2463);
#708=VERTEX_POINT('',#2467);
#709=VERTEX_POINT('',#2469);
#710=VERTEX_POINT('',#2473);
#711=VERTEX_POINT('',#2475);
#712=VERTEX_POINT('',#2479);
#713=VERTEX_POINT('',#2487);
#714=VERTEX_POINT('',#2489);
#715=VERTEX_POINT('',#2492);
#716=VERTEX_POINT('',#2493);
#717=VERTEX_POINT('',#2495);
#718=VERTEX_POINT('',#2501);
#719=VERTEX_POINT('',#2502);
#720=VERTEX_POINT('',#2504);
#721=VERTEX_POINT('',#2506);
#722=VERTEX_POINT('',#2508);
#723=VERTEX_POINT('',#2510);
#724=VERTEX_POINT('',#2514);
#725=VERTEX_POINT('',#2516);
#726=VERTEX_POINT('',#2520);
#727=VERTEX_POINT('',#2522);
#728=VERTEX_POINT('',#2526);
#729=VERTEX_POINT('',#2528);
#730=VERTEX_POINT('',#2534);
#731=VERTEX_POINT('',#2542);
#732=VERTEX_POINT('',#2544);
#733=VERTEX_POINT('',#2548);
#734=VERTEX_POINT('',#2549);
#735=VERTEX_POINT('',#2551);
#736=VERTEX_POINT('',#2553);
#737=VERTEX_POINT('',#2555);
#738=VERTEX_POINT('',#2557);
#739=VERTEX_POINT('',#2559);
#740=VERTEX_POINT('',#2561);
#741=VERTEX_POINT('',#2564);
#742=VERTEX_POINT('',#2567);
#743=VERTEX_POINT('',#2571);
#744=VERTEX_POINT('',#2575);
#745=VERTEX_POINT('',#2579);
#746=VERTEX_POINT('',#2580);
#747=VERTEX_POINT('',#2582);
#748=VERTEX_POINT('',#2584);
#749=VERTEX_POINT('',#2588);
#750=VERTEX_POINT('',#2590);
#751=VERTEX_POINT('',#2594);
#752=VERTEX_POINT('',#2596);
#753=VERTEX_POINT('',#2604);
#754=VERTEX_POINT('',#2605);
#755=VERTEX_POINT('',#2607);
#756=VERTEX_POINT('',#2609);
#757=VERTEX_POINT('',#2613);
#758=VERTEX_POINT('',#2615);
#759=VERTEX_POINT('',#2619);
#760=VERTEX_POINT('',#2621);
#761=VERTEX_POINT('',#2629);
#762=VERTEX_POINT('',#2630);
#763=VERTEX_POINT('',#2632);
#764=VERTEX_POINT('',#2634);
#765=VERTEX_POINT('',#2638);
#766=VERTEX_POINT('',#2640);
#767=VERTEX_POINT('',#2644);
#768=VERTEX_POINT('',#2646);
#769=VERTEX_POINT('',#2650);
#770=VERTEX_POINT('',#2652);
#771=VERTEX_POINT('',#2656);
#772=VERTEX_POINT('',#2658);
#773=VERTEX_POINT('',#2665);
#774=VERTEX_POINT('',#2666);
#775=VERTEX_POINT('',#2668);
#776=VERTEX_POINT('',#2670);
#777=VERTEX_POINT('',#2672);
#778=VERTEX_POINT('',#2674);
#779=VERTEX_POINT('',#2678);
#780=VERTEX_POINT('',#2679);
#781=VERTEX_POINT('',#2681);
#782=VERTEX_POINT('',#2683);
#783=VERTEX_POINT('',#2685);
#784=VERTEX_POINT('',#2687);
#785=VERTEX_POINT('',#2691);
#786=VERTEX_POINT('',#2693);
#787=VERTEX_POINT('',#2697);
#788=VERTEX_POINT('',#2701);
#789=VERTEX_POINT('',#2703);
#790=VERTEX_POINT('',#2707);
#791=VERTEX_POINT('',#2709);
#792=VERTEX_POINT('',#2713);
#793=VERTEX_POINT('',#2717);
#794=VERTEX_POINT('',#2721);
#795=VERTEX_POINT('',#2725);
#796=VERTEX_POINT('',#2729);
#797=VERTEX_POINT('',#2737);
#798=VERTEX_POINT('',#2739);
#799=VERTEX_POINT('',#2743);
#800=VERTEX_POINT('',#2744);
#801=VERTEX_POINT('',#2746);
#802=VERTEX_POINT('',#2748);
#803=VERTEX_POINT('',#2750);
#804=VERTEX_POINT('',#2752);
#805=VERTEX_POINT('',#2754);
#806=VERTEX_POINT('',#2756);
#807=VERTEX_POINT('',#2758);
#808=VERTEX_POINT('',#2760);
#809=VERTEX_POINT('',#2762);
#810=VERTEX_POINT('',#2764);
#811=VERTEX_POINT('',#2766);
#812=VERTEX_POINT('',#2768);
#813=VERTEX_POINT('',#2770);
#814=VERTEX_POINT('',#2772);
#815=VERTEX_POINT('',#2775);
#816=VERTEX_POINT('',#2777);
#817=VERTEX_POINT('',#2778);
#818=VERTEX_POINT('',#2780);
#819=VERTEX_POINT('',#2782);
#820=VERTEX_POINT('',#2784);
#821=VERTEX_POINT('',#2786);
#822=VERTEX_POINT('',#2790);
#823=VERTEX_POINT('',#2794);
#824=VERTEX_POINT('',#2798);
#825=VERTEX_POINT('',#2802);
#826=VERTEX_POINT('',#2803);
#827=VERTEX_POINT('',#2808);
#828=VERTEX_POINT('',#2812);
#829=VERTEX_POINT('',#2816);
#830=VERTEX_POINT('',#2820);
#831=VERTEX_POINT('',#2821);
#832=VERTEX_POINT('',#2826);
#833=VERTEX_POINT('',#2830);
#834=VERTEX_POINT('',#2834);
#835=VERTEX_POINT('',#2836);
#836=VERTEX_POINT('',#2842);
#837=VERTEX_POINT('',#2846);
#838=VERTEX_POINT('',#2850);
#839=VERTEX_POINT('',#2854);
#840=VERTEX_POINT('',#2860);
#841=VERTEX_POINT('',#2867);
#842=VERTEX_POINT('',#2868);
#843=VERTEX_POINT('',#2870);
#844=VERTEX_POINT('',#2872);
#845=VERTEX_POINT('',#2874);
#846=VERTEX_POINT('',#2876);
#847=VERTEX_POINT('',#2879);
#848=VERTEX_POINT('',#2880);
#849=VERTEX_POINT('',#2882);
#850=VERTEX_POINT('',#2884);
#851=VERTEX_POINT('',#2886);
#852=VERTEX_POINT('',#2888);
#853=VERTEX_POINT('',#2890);
#854=VERTEX_POINT('',#2892);
#855=EDGE_CURVE('',#695,#695,#625,.T.);
#856=EDGE_CURVE('',#696,#696,#626,.T.);
#857=EDGE_CURVE('',#697,#698,#627,.T.);
#858=EDGE_CURVE('',#699,#698,#628,.T.);
#859=EDGE_CURVE('',#698,#697,#629,.T.);
#860=EDGE_CURVE('',#696,#697,#41,.T.);
#861=EDGE_CURVE('',#700,#701,#630,.F.);
#862=EDGE_CURVE('',#700,#702,#631,.T.);
#863=EDGE_CURVE('',#702,#703,#632,.T.);
#864=EDGE_CURVE('',#702,#704,#633,.T.);
#865=EDGE_CURVE('',#704,#705,#634,.T.);
#866=EDGE_CURVE('',#701,#705,#635,.F.);
#867=EDGE_CURVE('',#700,#706,#42,.T.);
#868=EDGE_CURVE('',#707,#706,#636,.T.);
#869=EDGE_CURVE('',#707,#704,#43,.T.);
#870=EDGE_CURVE('',#706,#708,#44,.T.);
#871=EDGE_CURVE('',#701,#709,#45,.T.);
#872=EDGE_CURVE('',#708,#709,#46,.T.);
#873=EDGE_CURVE('',#710,#707,#47,.T.);
#874=EDGE_CURVE('',#711,#710,#48,.T.);
#875=EDGE_CURVE('',#705,#711,#49,.T.);
#876=EDGE_CURVE('',#709,#712,#637,.T.);
#877=EDGE_CURVE('',#712,#711,#638,.T.);
#878=EDGE_CURVE('',#712,#695,#50,.T.);
#879=EDGE_CURVE('',#708,#710,#639,.T.);
#880=EDGE_CURVE('',#713,#713,#640,.T.);
#881=EDGE_CURVE('',#714,#714,#641,.T.);
#882=EDGE_CURVE('',#715,#716,#642,.T.);
#883=EDGE_CURVE('',#717,#716,#643,.T.);
#884=EDGE_CURVE('',#716,#715,#644,.T.);
#885=EDGE_CURVE('',#714,#715,#51,.T.);
#886=EDGE_CURVE('',#718,#719,#645,.F.);
#887=EDGE_CURVE('',#718,#720,#646,.T.);
#888=EDGE_CURVE('',#720,#721,#647,.T.);
#889=EDGE_CURVE('',#722,#721,#648,.F.);
#890=EDGE_CURVE('',#722,#723,#649,.T.);
#891=EDGE_CURVE('',#719,#722,#650,.F.);
#892=EDGE_CURVE('',#718,#724,#52,.T.);
#893=EDGE_CURVE('',#725,#724,#651,.T.);
#894=EDGE_CURVE('',#725,#720,#53,.T.);
#895=EDGE_CURVE('',#724,#726,#54,.T.);
#896=EDGE_CURVE('',#719,#727,#55,.T.);
#897=EDGE_CURVE('',#726,#727,#56,.T.);
#898=EDGE_CURVE('',#728,#725,#57,.T.);
#899=EDGE_CURVE('',#729,#728,#58,.T.);
#900=EDGE_CURVE('',#721,#729,#59,.T.);
#901=EDGE_CURVE('',#727,#729,#652,.T.);
#902=EDGE_CURVE('',#726,#730,#653,.T.);
#903=EDGE_CURVE('',#730,#728,#654,.T.);
#904=EDGE_CURVE('',#730,#713,#60,.T.);
#905=EDGE_CURVE('',#731,#731,#655,.T.);
#906=EDGE_CURVE('',#731,#732,#61,.T.);
#907=EDGE_CURVE('',#732,#732,#656,.T.);
#908=EDGE_CURVE('',#733,#734,#62,.T.);
#909=EDGE_CURVE('',#734,#735,#63,.T.);
#910=EDGE_CURVE('',#735,#736,#64,.T.);
#911=EDGE_CURVE('',#736,#737,#65,.T.);
#912=EDGE_CURVE('',#737,#738,#66,.T.);
#913=EDGE_CURVE('',#738,#739,#67,.T.);
#914=EDGE_CURVE('',#739,#740,#68,.T.);
#915=EDGE_CURVE('',#740,#733,#657,.T.);
#916=EDGE_CURVE('',#741,#741,#658,.T.);
#917=EDGE_CURVE('',#742,#742,#659,.T.);
#918=EDGE_CURVE('',#742,#732,#69,.T.);
#919=EDGE_CURVE('',#741,#743,#70,.T.);
#920=EDGE_CURVE('',#743,#743,#660,.T.);
#921=EDGE_CURVE('',#744,#744,#661,.T.);
#922=EDGE_CURVE('',#744,#743,#71,.T.);
#923=EDGE_CURVE('',#745,#746,#72,.T.);
#924=EDGE_CURVE('',#745,#747,#73,.T.);
#925=EDGE_CURVE('',#747,#748,#74,.T.);
#926=EDGE_CURVE('',#746,#748,#75,.T.);
#927=EDGE_CURVE('',#749,#745,#76,.T.);
#928=EDGE_CURVE('',#749,#750,#77,.T.);
#929=EDGE_CURVE('',#750,#747,#78,.T.);
#930=EDGE_CURVE('',#751,#749,#79,.T.);
#931=EDGE_CURVE('',#751,#752,#80,.T.);
#932=EDGE_CURVE('',#752,#750,#81,.T.);
#933=EDGE_CURVE('',#746,#751,#662,.T.);
#934=EDGE_CURVE('',#748,#752,#663,.T.);
#935=EDGE_CURVE('',#753,#754,#82,.T.);
#936=EDGE_CURVE('',#753,#755,#83,.T.);
#937=EDGE_CURVE('',#755,#756,#84,.T.);
#938=EDGE_CURVE('',#754,#756,#85,.T.);
#939=EDGE_CURVE('',#757,#753,#86,.T.);
#940=EDGE_CURVE('',#757,#758,#87,.T.);
#941=EDGE_CURVE('',#758,#755,#88,.T.);
#942=EDGE_CURVE('',#759,#757,#89,.T.);
#943=EDGE_CURVE('',#759,#760,#90,.T.);
#944=EDGE_CURVE('',#760,#758,#91,.T.);
#945=EDGE_CURVE('',#754,#759,#92,.T.);
#946=EDGE_CURVE('',#756,#760,#93,.T.);
#947=EDGE_CURVE('',#761,#762,#94,.T.);
#948=EDGE_CURVE('',#762,#763,#95,.T.);
#949=EDGE_CURVE('',#763,#764,#96,.T.);
#950=EDGE_CURVE('',#761,#764,#97,.T.);
#951=EDGE_CURVE('',#762,#765,#98,.T.);
#952=EDGE_CURVE('',#765,#766,#99,.T.);
#953=EDGE_CURVE('',#766,#763,#100,.T.);
#954=EDGE_CURVE('',#765,#767,#101,.T.);
#955=EDGE_CURVE('',#767,#768,#102,.T.);
#956=EDGE_CURVE('',#768,#766,#103,.T.);
#957=EDGE_CURVE('',#767,#769,#664,.T.);
#958=EDGE_CURVE('',#769,#770,#104,.T.);
#959=EDGE_CURVE('',#770,#768,#665,.T.);
#960=EDGE_CURVE('',#769,#771,#105,.T.);
#961=EDGE_CURVE('',#771,#772,#106,.T.);
#962=EDGE_CURVE('',#772,#770,#107,.T.);
#963=EDGE_CURVE('',#771,#761,#666,.T.);
#964=EDGE_CURVE('',#764,#772,#667,.T.);
#965=EDGE_CURVE('',#773,#774,#668,.T.);
#966=EDGE_CURVE('',#775,#773,#108,.T.);
#967=EDGE_CURVE('',#776,#775,#669,.T.);
#968=EDGE_CURVE('',#777,#776,#109,.T.);
#969=EDGE_CURVE('',#778,#777,#110,.T.);
#970=EDGE_CURVE('',#774,#778,#111,.T.);
#971=EDGE_CURVE('',#779,#780,#670,.T.);
#972=EDGE_CURVE('',#781,#779,#112,.T.);
#973=EDGE_CURVE('',#782,#781,#113,.T.);
#974=EDGE_CURVE('',#783,#782,#114,.T.);
#975=EDGE_CURVE('',#784,#783,#671,.T.);
#976=EDGE_CURVE('',#780,#784,#115,.T.);
#977=EDGE_CURVE('',#785,#781,#116,.T.);
#978=EDGE_CURVE('',#785,#786,#117,.T.);
#979=EDGE_CURVE('',#786,#782,#118,.T.);
#980=EDGE_CURVE('',#786,#787,#119,.T.);
#981=EDGE_CURVE('',#787,#783,#120,.T.);
#982=EDGE_CURVE('',#776,#788,#121,.T.);
#983=EDGE_CURVE('',#789,#788,#122,.T.);
#984=EDGE_CURVE('',#777,#789,#123,.T.);
#985=EDGE_CURVE('',#778,#790,#124,.T.);
#986=EDGE_CURVE('',#791,#790,#125,.T.);
#987=EDGE_CURVE('',#774,#791,#126,.T.);
#988=EDGE_CURVE('',#792,#779,#127,.T.);
#989=EDGE_CURVE('',#792,#785,#128,.T.);
#990=EDGE_CURVE('',#787,#793,#672,.T.);
#991=EDGE_CURVE('',#793,#784,#129,.T.);
#992=EDGE_CURVE('',#775,#794,#130,.T.);
#993=EDGE_CURVE('',#788,#794,#673,.T.);
#994=EDGE_CURVE('',#795,#791,#674,.T.);
#995=EDGE_CURVE('',#773,#795,#131,.T.);
#996=EDGE_CURVE('',#796,#780,#132,.T.);
#997=EDGE_CURVE('',#796,#792,#675,.T.);
#998=EDGE_CURVE('',#793,#796,#133,.T.);
#999=EDGE_CURVE('',#794,#795,#134,.T.);
#1000=EDGE_CURVE('',#797,#797,#676,.T.);
#1001=EDGE_CURVE('',#797,#798,#135,.T.);
#1002=EDGE_CURVE('',#798,#798,#677,.T.);
#1003=EDGE_CURVE('',#799,#800,#678,.T.);
#1004=EDGE_CURVE('',#801,#799,#136,.T.);
#1005=EDGE_CURVE('',#802,#801,#137,.T.);
#1006=EDGE_CURVE('',#802,#803,#138,.T.);
#1007=EDGE_CURVE('',#804,#803,#139,.T.);
#1008=EDGE_CURVE('',#805,#804,#140,.T.);
#1009=EDGE_CURVE('',#806,#805,#679,.T.);
#1010=EDGE_CURVE('',#807,#806,#141,.T.);
#1011=EDGE_CURVE('',#808,#807,#680,.T.);
#1012=EDGE_CURVE('',#809,#808,#142,.T.);
#1013=EDGE_CURVE('',#809,#810,#143,.T.);
#1014=EDGE_CURVE('',#810,#811,#144,.T.);
#1015=EDGE_CURVE('',#811,#812,#145,.T.);
#1016=EDGE_CURVE('',#813,#812,#146,.T.);
#1017=EDGE_CURVE('',#814,#813,#681,.T.);
#1018=EDGE_CURVE('',#800,#814,#147,.T.);
#1019=EDGE_CURVE('',#815,#815,#682,.T.);
#1020=EDGE_CURVE('',#816,#817,#683,.T.);
#1021=EDGE_CURVE('',#817,#818,#148,.T.);
#1022=EDGE_CURVE('',#818,#819,#149,.T.);
#1023=EDGE_CURVE('',#819,#820,#150,.T.);
#1024=EDGE_CURVE('',#820,#821,#684,.T.);
#1025=EDGE_CURVE('',#821,#816,#151,.T.);
#1026=EDGE_CURVE('',#798,#822,#152,.T.);
#1027=EDGE_CURVE('',#822,#822,#685,.T.);
#1028=EDGE_CURVE('',#815,#823,#153,.T.);
#1029=EDGE_CURVE('',#823,#823,#686,.T.);
#1030=EDGE_CURVE('',#823,#824,#154,.T.);
#1031=EDGE_CURVE('',#824,#824,#687,.T.);
#1032=EDGE_CURVE('',#825,#826,#688,.T.);
#1033=EDGE_CURVE('',#826,#799,#155,.T.);
#1034=EDGE_CURVE('',#800,#825,#156,.T.);
#1035=EDGE_CURVE('',#827,#814,#157,.T.);
#1036=EDGE_CURVE('',#825,#827,#158,.T.);
#1037=EDGE_CURVE('',#828,#827,#689,.T.);
#1038=EDGE_CURVE('',#813,#828,#159,.T.);
#1039=EDGE_CURVE('',#812,#829,#160,.T.);
#1040=EDGE_CURVE('',#828,#829,#161,.T.);
#1041=EDGE_CURVE('',#830,#831,#690,.T.);
#1042=EDGE_CURVE('',#831,#808,#162,.T.);
#1043=EDGE_CURVE('',#807,#830,#163,.T.);
#1044=EDGE_CURVE('',#832,#806,#164,.T.);
#1045=EDGE_CURVE('',#830,#832,#165,.T.);
#1046=EDGE_CURVE('',#833,#832,#691,.T.);
#1047=EDGE_CURVE('',#805,#833,#166,.T.);
#1048=EDGE_CURVE('',#810,#834,#167,.T.);
#1049=EDGE_CURVE('',#835,#834,#168,.T.);
#1050=EDGE_CURVE('',#811,#835,#169,.T.);
#1051=EDGE_CURVE('',#829,#835,#170,.T.);
#1052=EDGE_CURVE('',#836,#826,#171,.T.);
#1053=EDGE_CURVE('',#801,#836,#172,.T.);
#1054=EDGE_CURVE('',#837,#836,#173,.T.);
#1055=EDGE_CURVE('',#802,#837,#174,.T.);
#1056=EDGE_CURVE('',#838,#837,#175,.T.);
#1057=EDGE_CURVE('',#803,#838,#176,.T.);
#1058=EDGE_CURVE('',#839,#838,#177,.T.);
#1059=EDGE_CURVE('',#804,#839,#178,.T.);
#1060=EDGE_CURVE('',#833,#839,#179,.T.);
#1061=EDGE_CURVE('',#840,#831,#180,.T.);
#1062=EDGE_CURVE('',#809,#840,#181,.T.);
#1063=EDGE_CURVE('',#834,#840,#182,.T.);
#1064=EDGE_CURVE('',#841,#842,#183,.T.);
#1065=EDGE_CURVE('',#842,#843,#692,.T.);
#1066=EDGE_CURVE('',#843,#844,#184,.T.);
#1067=EDGE_CURVE('',#844,#845,#693,.T.);
#1068=EDGE_CURVE('',#845,#846,#185,.T.);
#1069=EDGE_CURVE('',#846,#841,#186,.T.);
#1070=EDGE_CURVE('',#847,#848,#187,.T.);
#1071=EDGE_CURVE('',#848,#849,#188,.T.);
#1072=EDGE_CURVE('',#849,#850,#694,.T.);
#1073=EDGE_CURVE('',#850,#851,#189,.T.);
#1074=EDGE_CURVE('',#851,#852,#190,.T.);
#1075=EDGE_CURVE('',#852,#853,#191,.T.);
#1076=EDGE_CURVE('',#853,#854,#192,.T.);
#1077=EDGE_CURVE('',#854,#847,#193,.T.);
#1078=EDGE_CURVE('',#790,#789,#194,.T.);
#1079=EDGE_CURVE('',#817,#842,#195,.T.);
#1080=EDGE_CURVE('',#818,#841,#196,.T.);
#1081=EDGE_CURVE('',#819,#846,#197,.T.);
#1082=EDGE_CURVE('',#820,#845,#198,.T.);
#1083=EDGE_CURVE('',#821,#844,#199,.T.);
#1084=EDGE_CURVE('',#816,#843,#200,.T.);
#1085=EDGE_CURVE('',#734,#848,#201,.T.);
#1086=EDGE_CURVE('',#735,#847,#202,.T.);
#1087=EDGE_CURVE('',#736,#854,#203,.T.);
#1088=EDGE_CURVE('',#737,#853,#204,.T.);
#1089=EDGE_CURVE('',#738,#852,#205,.T.);
#1090=EDGE_CURVE('',#739,#851,#206,.T.);
#1091=EDGE_CURVE('',#740,#850,#207,.T.);
#1092=EDGE_CURVE('',#733,#849,#208,.T.);
#1093=ORIENTED_EDGE('',*,*,#855,.T.);
#1094=ORIENTED_EDGE('',*,*,#856,.T.);
#1095=ORIENTED_EDGE('',*,*,#857,.T.);
#1096=ORIENTED_EDGE('',*,*,#858,.F.);
#1097=ORIENTED_EDGE('',*,*,#858,.T.);
#1098=ORIENTED_EDGE('',*,*,#859,.T.);
#1099=ORIENTED_EDGE('',*,*,#856,.F.);
#1100=ORIENTED_EDGE('',*,*,#860,.T.);
#1101=ORIENTED_EDGE('',*,*,#859,.F.);
#1102=ORIENTED_EDGE('',*,*,#857,.F.);
#1103=ORIENTED_EDGE('',*,*,#860,.F.);
#1104=ORIENTED_EDGE('',*,*,#861,.F.);
#1105=ORIENTED_EDGE('',*,*,#862,.T.);
#1106=ORIENTED_EDGE('',*,*,#863,.T.);
#1107=ORIENTED_EDGE('',*,*,#863,.F.);
#1108=ORIENTED_EDGE('',*,*,#864,.T.);
#1109=ORIENTED_EDGE('',*,*,#865,.T.);
#1110=ORIENTED_EDGE('',*,*,#866,.F.);
#1111=ORIENTED_EDGE('',*,*,#862,.F.);
#1112=ORIENTED_EDGE('',*,*,#867,.T.);
#1113=ORIENTED_EDGE('',*,*,#868,.F.);
#1114=ORIENTED_EDGE('',*,*,#869,.T.);
#1115=ORIENTED_EDGE('',*,*,#864,.F.);
#1116=ORIENTED_EDGE('',*,*,#870,.F.);
#1117=ORIENTED_EDGE('',*,*,#867,.F.);
#1118=ORIENTED_EDGE('',*,*,#861,.T.);
#1119=ORIENTED_EDGE('',*,*,#871,.T.);
#1120=ORIENTED_EDGE('',*,*,#872,.F.);
#1121=ORIENTED_EDGE('',*,*,#873,.F.);
#1122=ORIENTED_EDGE('',*,*,#874,.F.);
#1123=ORIENTED_EDGE('',*,*,#875,.F.);
#1124=ORIENTED_EDGE('',*,*,#865,.F.);
#1125=ORIENTED_EDGE('',*,*,#869,.F.);
#1126=ORIENTED_EDGE('',*,*,#876,.F.);
#1127=ORIENTED_EDGE('',*,*,#871,.F.);
#1128=ORIENTED_EDGE('',*,*,#866,.T.);
#1129=ORIENTED_EDGE('',*,*,#875,.T.);
#1130=ORIENTED_EDGE('',*,*,#877,.F.);
#1131=ORIENTED_EDGE('',*,*,#876,.T.);
#1132=ORIENTED_EDGE('',*,*,#878,.T.);
#1133=ORIENTED_EDGE('',*,*,#855,.F.);
#1134=ORIENTED_EDGE('',*,*,#878,.F.);
#1135=ORIENTED_EDGE('',*,*,#877,.T.);
#1136=ORIENTED_EDGE('',*,*,#874,.T.);
#1137=ORIENTED_EDGE('',*,*,#879,.F.);
#1138=ORIENTED_EDGE('',*,*,#872,.T.);
#1139=ORIENTED_EDGE('',*,*,#870,.T.);
#1140=ORIENTED_EDGE('',*,*,#879,.T.);
#1141=ORIENTED_EDGE('',*,*,#873,.T.);
#1142=ORIENTED_EDGE('',*,*,#868,.T.);
#1143=ORIENTED_EDGE('',*,*,#880,.T.);
#1144=ORIENTED_EDGE('',*,*,#881,.T.);
#1145=ORIENTED_EDGE('',*,*,#882,.T.);
#1146=ORIENTED_EDGE('',*,*,#883,.F.);
#1147=ORIENTED_EDGE('',*,*,#883,.T.);
#1148=ORIENTED_EDGE('',*,*,#884,.T.);
#1149=ORIENTED_EDGE('',*,*,#881,.F.);
#1150=ORIENTED_EDGE('',*,*,#885,.T.);
#1151=ORIENTED_EDGE('',*,*,#884,.F.);
#1152=ORIENTED_EDGE('',*,*,#882,.F.);
#1153=ORIENTED_EDGE('',*,*,#885,.F.);
#1154=ORIENTED_EDGE('',*,*,#886,.F.);
#1155=ORIENTED_EDGE('',*,*,#887,.T.);
#1156=ORIENTED_EDGE('',*,*,#888,.T.);
#1157=ORIENTED_EDGE('',*,*,#889,.F.);
#1158=ORIENTED_EDGE('',*,*,#890,.T.);
#1159=ORIENTED_EDGE('',*,*,#890,.F.);
#1160=ORIENTED_EDGE('',*,*,#891,.F.);
#1161=ORIENTED_EDGE('',*,*,#887,.F.);
#1162=ORIENTED_EDGE('',*,*,#892,.T.);
#1163=ORIENTED_EDGE('',*,*,#893,.F.);
#1164=ORIENTED_EDGE('',*,*,#894,.T.);
#1165=ORIENTED_EDGE('',*,*,#895,.F.);
#1166=ORIENTED_EDGE('',*,*,#892,.F.);
#1167=ORIENTED_EDGE('',*,*,#886,.T.);
#1168=ORIENTED_EDGE('',*,*,#896,.T.);
#1169=ORIENTED_EDGE('',*,*,#897,.F.);
#1170=ORIENTED_EDGE('',*,*,#898,.F.);
#1171=ORIENTED_EDGE('',*,*,#899,.F.);
#1172=ORIENTED_EDGE('',*,*,#900,.F.);
#1173=ORIENTED_EDGE('',*,*,#888,.F.);
#1174=ORIENTED_EDGE('',*,*,#894,.F.);
#1175=ORIENTED_EDGE('',*,*,#901,.F.);
#1176=ORIENTED_EDGE('',*,*,#896,.F.);
#1177=ORIENTED_EDGE('',*,*,#891,.T.);
#1178=ORIENTED_EDGE('',*,*,#889,.T.);
#1179=ORIENTED_EDGE('',*,*,#900,.T.);
#1180=ORIENTED_EDGE('',*,*,#895,.T.);
#1181=ORIENTED_EDGE('',*,*,#902,.T.);
#1182=ORIENTED_EDGE('',*,*,#903,.T.);
#1183=ORIENTED_EDGE('',*,*,#898,.T.);
#1184=ORIENTED_EDGE('',*,*,#893,.T.);
#1185=ORIENTED_EDGE('',*,*,#902,.F.);
#1186=ORIENTED_EDGE('',*,*,#897,.T.);
#1187=ORIENTED_EDGE('',*,*,#901,.T.);
#1188=ORIENTED_EDGE('',*,*,#899,.T.);
#1189=ORIENTED_EDGE('',*,*,#903,.F.);
#1190=ORIENTED_EDGE('',*,*,#904,.T.);
#1191=ORIENTED_EDGE('',*,*,#880,.F.);
#1192=ORIENTED_EDGE('',*,*,#904,.F.);
#1193=ORIENTED_EDGE('',*,*,#905,.T.);
#1194=ORIENTED_EDGE('',*,*,#906,.T.);
#1195=ORIENTED_EDGE('',*,*,#907,.T.);
#1196=ORIENTED_EDGE('',*,*,#906,.F.);
#1197=ORIENTED_EDGE('',*,*,#908,.T.);
#1198=ORIENTED_EDGE('',*,*,#909,.T.);
#1199=ORIENTED_EDGE('',*,*,#910,.T.);
#1200=ORIENTED_EDGE('',*,*,#911,.T.);
#1201=ORIENTED_EDGE('',*,*,#912,.T.);
#1202=ORIENTED_EDGE('',*,*,#913,.T.);
#1203=ORIENTED_EDGE('',*,*,#914,.T.);
#1204=ORIENTED_EDGE('',*,*,#915,.T.);
#1205=ORIENTED_EDGE('',*,*,#916,.F.);
#1206=ORIENTED_EDGE('',*,*,#905,.F.);
#1207=ORIENTED_EDGE('',*,*,#917,.T.);
#1208=ORIENTED_EDGE('',*,*,#918,.T.);
#1209=ORIENTED_EDGE('',*,*,#907,.F.);
#1210=ORIENTED_EDGE('',*,*,#918,.F.);
#1211=ORIENTED_EDGE('',*,*,#916,.T.);
#1212=ORIENTED_EDGE('',*,*,#919,.T.);
#1213=ORIENTED_EDGE('',*,*,#920,.T.);
#1214=ORIENTED_EDGE('',*,*,#919,.F.);
#1215=ORIENTED_EDGE('',*,*,#921,.T.);
#1216=ORIENTED_EDGE('',*,*,#922,.T.);
#1217=ORIENTED_EDGE('',*,*,#920,.F.);
#1218=ORIENTED_EDGE('',*,*,#922,.F.);
#1219=ORIENTED_EDGE('',*,*,#923,.F.);
#1220=ORIENTED_EDGE('',*,*,#924,.T.);
#1221=ORIENTED_EDGE('',*,*,#925,.T.);
#1222=ORIENTED_EDGE('',*,*,#926,.F.);
#1223=ORIENTED_EDGE('',*,*,#927,.F.);
#1224=ORIENTED_EDGE('',*,*,#928,.T.);
#1225=ORIENTED_EDGE('',*,*,#929,.T.);
#1226=ORIENTED_EDGE('',*,*,#924,.F.);
#1227=ORIENTED_EDGE('',*,*,#930,.F.);
#1228=ORIENTED_EDGE('',*,*,#931,.T.);
#1229=ORIENTED_EDGE('',*,*,#932,.T.);
#1230=ORIENTED_EDGE('',*,*,#928,.F.);
#1231=ORIENTED_EDGE('',*,*,#933,.F.);
#1232=ORIENTED_EDGE('',*,*,#926,.T.);
#1233=ORIENTED_EDGE('',*,*,#934,.T.);
#1234=ORIENTED_EDGE('',*,*,#931,.F.);
#1235=ORIENTED_EDGE('',*,*,#934,.F.);
#1236=ORIENTED_EDGE('',*,*,#925,.F.);
#1237=ORIENTED_EDGE('',*,*,#929,.F.);
#1238=ORIENTED_EDGE('',*,*,#932,.F.);
#1239=ORIENTED_EDGE('',*,*,#917,.F.);
#1240=ORIENTED_EDGE('',*,*,#935,.F.);
#1241=ORIENTED_EDGE('',*,*,#936,.T.);
#1242=ORIENTED_EDGE('',*,*,#937,.T.);
#1243=ORIENTED_EDGE('',*,*,#938,.F.);
#1244=ORIENTED_EDGE('',*,*,#939,.F.);
#1245=ORIENTED_EDGE('',*,*,#940,.T.);
#1246=ORIENTED_EDGE('',*,*,#941,.T.);
#1247=ORIENTED_EDGE('',*,*,#936,.F.);
#1248=ORIENTED_EDGE('',*,*,#942,.F.);
#1249=ORIENTED_EDGE('',*,*,#943,.T.);
#1250=ORIENTED_EDGE('',*,*,#944,.T.);
#1251=ORIENTED_EDGE('',*,*,#940,.F.);
#1252=ORIENTED_EDGE('',*,*,#945,.F.);
#1253=ORIENTED_EDGE('',*,*,#938,.T.);
#1254=ORIENTED_EDGE('',*,*,#946,.T.);
#1255=ORIENTED_EDGE('',*,*,#943,.F.);
#1256=ORIENTED_EDGE('',*,*,#946,.F.);
#1257=ORIENTED_EDGE('',*,*,#937,.F.);
#1258=ORIENTED_EDGE('',*,*,#941,.F.);
#1259=ORIENTED_EDGE('',*,*,#944,.F.);
#1260=ORIENTED_EDGE('',*,*,#921,.F.);
#1261=ORIENTED_EDGE('',*,*,#947,.T.);
#1262=ORIENTED_EDGE('',*,*,#948,.T.);
#1263=ORIENTED_EDGE('',*,*,#949,.T.);
#1264=ORIENTED_EDGE('',*,*,#950,.F.);
#1265=ORIENTED_EDGE('',*,*,#951,.T.);
#1266=ORIENTED_EDGE('',*,*,#952,.T.);
#1267=ORIENTED_EDGE('',*,*,#953,.T.);
#1268=ORIENTED_EDGE('',*,*,#948,.F.);
#1269=ORIENTED_EDGE('',*,*,#954,.T.);
#1270=ORIENTED_EDGE('',*,*,#955,.T.);
#1271=ORIENTED_EDGE('',*,*,#956,.T.);
#1272=ORIENTED_EDGE('',*,*,#952,.F.);
#1273=ORIENTED_EDGE('',*,*,#957,.T.);
#1274=ORIENTED_EDGE('',*,*,#958,.T.);
#1275=ORIENTED_EDGE('',*,*,#959,.T.);
#1276=ORIENTED_EDGE('',*,*,#955,.F.);
#1277=ORIENTED_EDGE('',*,*,#960,.T.);
#1278=ORIENTED_EDGE('',*,*,#961,.T.);
#1279=ORIENTED_EDGE('',*,*,#962,.T.);
#1280=ORIENTED_EDGE('',*,*,#958,.F.);
#1281=ORIENTED_EDGE('',*,*,#963,.T.);
#1282=ORIENTED_EDGE('',*,*,#950,.T.);
#1283=ORIENTED_EDGE('',*,*,#964,.T.);
#1284=ORIENTED_EDGE('',*,*,#961,.F.);
#1285=ORIENTED_EDGE('',*,*,#965,.F.);
#1286=ORIENTED_EDGE('',*,*,#966,.F.);
#1287=ORIENTED_EDGE('',*,*,#967,.F.);
#1288=ORIENTED_EDGE('',*,*,#968,.F.);
#1289=ORIENTED_EDGE('',*,*,#969,.F.);
#1290=ORIENTED_EDGE('',*,*,#970,.F.);
#1291=ORIENTED_EDGE('',*,*,#963,.F.);
#1292=ORIENTED_EDGE('',*,*,#960,.F.);
#1293=ORIENTED_EDGE('',*,*,#957,.F.);
#1294=ORIENTED_EDGE('',*,*,#954,.F.);
#1295=ORIENTED_EDGE('',*,*,#951,.F.);
#1296=ORIENTED_EDGE('',*,*,#947,.F.);
#1297=ORIENTED_EDGE('',*,*,#971,.F.);
#1298=ORIENTED_EDGE('',*,*,#972,.F.);
#1299=ORIENTED_EDGE('',*,*,#973,.F.);
#1300=ORIENTED_EDGE('',*,*,#974,.F.);
#1301=ORIENTED_EDGE('',*,*,#975,.F.);
#1302=ORIENTED_EDGE('',*,*,#976,.F.);
#1303=ORIENTED_EDGE('',*,*,#964,.F.);
#1304=ORIENTED_EDGE('',*,*,#949,.F.);
#1305=ORIENTED_EDGE('',*,*,#953,.F.);
#1306=ORIENTED_EDGE('',*,*,#956,.F.);
#1307=ORIENTED_EDGE('',*,*,#959,.F.);
#1308=ORIENTED_EDGE('',*,*,#962,.F.);
#1309=ORIENTED_EDGE('',*,*,#973,.T.);
#1310=ORIENTED_EDGE('',*,*,#977,.F.);
#1311=ORIENTED_EDGE('',*,*,#978,.T.);
#1312=ORIENTED_EDGE('',*,*,#979,.T.);
#1313=ORIENTED_EDGE('',*,*,#974,.T.);
#1314=ORIENTED_EDGE('',*,*,#979,.F.);
#1315=ORIENTED_EDGE('',*,*,#980,.T.);
#1316=ORIENTED_EDGE('',*,*,#981,.T.);
#1317=ORIENTED_EDGE('',*,*,#968,.T.);
#1318=ORIENTED_EDGE('',*,*,#982,.T.);
#1319=ORIENTED_EDGE('',*,*,#983,.F.);
#1320=ORIENTED_EDGE('',*,*,#984,.F.);
#1321=ORIENTED_EDGE('',*,*,#970,.T.);
#1322=ORIENTED_EDGE('',*,*,#985,.T.);
#1323=ORIENTED_EDGE('',*,*,#986,.F.);
#1324=ORIENTED_EDGE('',*,*,#987,.F.);
#1325=ORIENTED_EDGE('',*,*,#972,.T.);
#1326=ORIENTED_EDGE('',*,*,#988,.F.);
#1327=ORIENTED_EDGE('',*,*,#989,.T.);
#1328=ORIENTED_EDGE('',*,*,#977,.T.);
#1329=ORIENTED_EDGE('',*,*,#975,.T.);
#1330=ORIENTED_EDGE('',*,*,#981,.F.);
#1331=ORIENTED_EDGE('',*,*,#990,.T.);
#1332=ORIENTED_EDGE('',*,*,#991,.T.);
#1333=ORIENTED_EDGE('',*,*,#967,.T.);
#1334=ORIENTED_EDGE('',*,*,#992,.T.);
#1335=ORIENTED_EDGE('',*,*,#993,.F.);
#1336=ORIENTED_EDGE('',*,*,#982,.F.);
#1337=ORIENTED_EDGE('',*,*,#965,.T.);
#1338=ORIENTED_EDGE('',*,*,#987,.T.);
#1339=ORIENTED_EDGE('',*,*,#994,.F.);
#1340=ORIENTED_EDGE('',*,*,#995,.F.);
#1341=ORIENTED_EDGE('',*,*,#971,.T.);
#1342=ORIENTED_EDGE('',*,*,#996,.F.);
#1343=ORIENTED_EDGE('',*,*,#997,.T.);
#1344=ORIENTED_EDGE('',*,*,#988,.T.);
#1345=ORIENTED_EDGE('',*,*,#976,.T.);
#1346=ORIENTED_EDGE('',*,*,#991,.F.);
#1347=ORIENTED_EDGE('',*,*,#998,.T.);
#1348=ORIENTED_EDGE('',*,*,#996,.T.);
#1349=ORIENTED_EDGE('',*,*,#966,.T.);
#1350=ORIENTED_EDGE('',*,*,#995,.T.);
#1351=ORIENTED_EDGE('',*,*,#999,.F.);
#1352=ORIENTED_EDGE('',*,*,#992,.F.);
#1353=ORIENTED_EDGE('',*,*,#1000,.T.);
#1354=ORIENTED_EDGE('',*,*,#1001,.T.);
#1355=ORIENTED_EDGE('',*,*,#1002,.T.);
#1356=ORIENTED_EDGE('',*,*,#1001,.F.);
#1357=ORIENTED_EDGE('',*,*,#1003,.F.);
#1358=ORIENTED_EDGE('',*,*,#1004,.F.);
#1359=ORIENTED_EDGE('',*,*,#1005,.F.);
#1360=ORIENTED_EDGE('',*,*,#1006,.T.);
#1361=ORIENTED_EDGE('',*,*,#1007,.F.);
#1362=ORIENTED_EDGE('',*,*,#1008,.F.);
#1363=ORIENTED_EDGE('',*,*,#1009,.F.);
#1364=ORIENTED_EDGE('',*,*,#1010,.F.);
#1365=ORIENTED_EDGE('',*,*,#1011,.F.);
#1366=ORIENTED_EDGE('',*,*,#1012,.F.);
#1367=ORIENTED_EDGE('',*,*,#1013,.T.);
#1368=ORIENTED_EDGE('',*,*,#1014,.T.);
#1369=ORIENTED_EDGE('',*,*,#1015,.T.);
#1370=ORIENTED_EDGE('',*,*,#1016,.F.);
#1371=ORIENTED_EDGE('',*,*,#1017,.F.);
#1372=ORIENTED_EDGE('',*,*,#1018,.F.);
#1373=ORIENTED_EDGE('',*,*,#1019,.F.);
#1374=ORIENTED_EDGE('',*,*,#1020,.T.);
#1375=ORIENTED_EDGE('',*,*,#1021,.T.);
#1376=ORIENTED_EDGE('',*,*,#1022,.T.);
#1377=ORIENTED_EDGE('',*,*,#1023,.T.);
#1378=ORIENTED_EDGE('',*,*,#1024,.T.);
#1379=ORIENTED_EDGE('',*,*,#1025,.T.);
#1380=ORIENTED_EDGE('',*,*,#1000,.F.);
#1381=ORIENTED_EDGE('',*,*,#1002,.F.);
#1382=ORIENTED_EDGE('',*,*,#1026,.T.);
#1383=ORIENTED_EDGE('',*,*,#1027,.F.);
#1384=ORIENTED_EDGE('',*,*,#1026,.F.);
#1385=ORIENTED_EDGE('',*,*,#1019,.T.);
#1386=ORIENTED_EDGE('',*,*,#1028,.T.);
#1387=ORIENTED_EDGE('',*,*,#1029,.T.);
#1388=ORIENTED_EDGE('',*,*,#1028,.F.);
#1389=ORIENTED_EDGE('',*,*,#1029,.F.);
#1390=ORIENTED_EDGE('',*,*,#1030,.T.);
#1391=ORIENTED_EDGE('',*,*,#1031,.F.);
#1392=ORIENTED_EDGE('',*,*,#1030,.F.);
#1393=ORIENTED_EDGE('',*,*,#1032,.T.);
#1394=ORIENTED_EDGE('',*,*,#1033,.T.);
#1395=ORIENTED_EDGE('',*,*,#1003,.T.);
#1396=ORIENTED_EDGE('',*,*,#1034,.T.);
#1397=ORIENTED_EDGE('',*,*,#1034,.F.);
#1398=ORIENTED_EDGE('',*,*,#1018,.T.);
#1399=ORIENTED_EDGE('',*,*,#1035,.F.);
#1400=ORIENTED_EDGE('',*,*,#1036,.F.);
#1401=ORIENTED_EDGE('',*,*,#1037,.T.);
#1402=ORIENTED_EDGE('',*,*,#1035,.T.);
#1403=ORIENTED_EDGE('',*,*,#1017,.T.);
#1404=ORIENTED_EDGE('',*,*,#1038,.T.);
#1405=ORIENTED_EDGE('',*,*,#1038,.F.);
#1406=ORIENTED_EDGE('',*,*,#1016,.T.);
#1407=ORIENTED_EDGE('',*,*,#1039,.T.);
#1408=ORIENTED_EDGE('',*,*,#1040,.F.);
#1409=ORIENTED_EDGE('',*,*,#1041,.T.);
#1410=ORIENTED_EDGE('',*,*,#1042,.T.);
#1411=ORIENTED_EDGE('',*,*,#1011,.T.);
#1412=ORIENTED_EDGE('',*,*,#1043,.T.);
#1413=ORIENTED_EDGE('',*,*,#1043,.F.);
#1414=ORIENTED_EDGE('',*,*,#1010,.T.);
#1415=ORIENTED_EDGE('',*,*,#1044,.F.);
#1416=ORIENTED_EDGE('',*,*,#1045,.F.);
#1417=ORIENTED_EDGE('',*,*,#1046,.T.);
#1418=ORIENTED_EDGE('',*,*,#1044,.T.);
#1419=ORIENTED_EDGE('',*,*,#1009,.T.);
#1420=ORIENTED_EDGE('',*,*,#1047,.T.);
#1421=ORIENTED_EDGE('',*,*,#1014,.F.);
#1422=ORIENTED_EDGE('',*,*,#1048,.T.);
#1423=ORIENTED_EDGE('',*,*,#1049,.F.);
#1424=ORIENTED_EDGE('',*,*,#1050,.F.);
#1425=ORIENTED_EDGE('',*,*,#1015,.F.);
#1426=ORIENTED_EDGE('',*,*,#1050,.T.);
#1427=ORIENTED_EDGE('',*,*,#1051,.F.);
#1428=ORIENTED_EDGE('',*,*,#1039,.F.);
#1429=ORIENTED_EDGE('',*,*,#1033,.F.);
#1430=ORIENTED_EDGE('',*,*,#1052,.F.);
#1431=ORIENTED_EDGE('',*,*,#1053,.F.);
#1432=ORIENTED_EDGE('',*,*,#1004,.T.);
#1433=ORIENTED_EDGE('',*,*,#1005,.T.);
#1434=ORIENTED_EDGE('',*,*,#1053,.T.);
#1435=ORIENTED_EDGE('',*,*,#1054,.F.);
#1436=ORIENTED_EDGE('',*,*,#1055,.F.);
#1437=ORIENTED_EDGE('',*,*,#1006,.F.);
#1438=ORIENTED_EDGE('',*,*,#1055,.T.);
#1439=ORIENTED_EDGE('',*,*,#1056,.F.);
#1440=ORIENTED_EDGE('',*,*,#1057,.F.);
#1441=ORIENTED_EDGE('',*,*,#1007,.T.);
#1442=ORIENTED_EDGE('',*,*,#1057,.T.);
#1443=ORIENTED_EDGE('',*,*,#1058,.F.);
#1444=ORIENTED_EDGE('',*,*,#1059,.F.);
#1445=ORIENTED_EDGE('',*,*,#1047,.F.);
#1446=ORIENTED_EDGE('',*,*,#1008,.T.);
#1447=ORIENTED_EDGE('',*,*,#1059,.T.);
#1448=ORIENTED_EDGE('',*,*,#1060,.F.);
#1449=ORIENTED_EDGE('',*,*,#1042,.F.);
#1450=ORIENTED_EDGE('',*,*,#1061,.F.);
#1451=ORIENTED_EDGE('',*,*,#1062,.F.);
#1452=ORIENTED_EDGE('',*,*,#1012,.T.);
#1453=ORIENTED_EDGE('',*,*,#1013,.F.);
#1454=ORIENTED_EDGE('',*,*,#1062,.T.);
#1455=ORIENTED_EDGE('',*,*,#1063,.F.);
#1456=ORIENTED_EDGE('',*,*,#1048,.F.);
#1457=ORIENTED_EDGE('',*,*,#1032,.F.);
#1458=ORIENTED_EDGE('',*,*,#1036,.T.);
#1459=ORIENTED_EDGE('',*,*,#1037,.F.);
#1460=ORIENTED_EDGE('',*,*,#1040,.T.);
#1461=ORIENTED_EDGE('',*,*,#1051,.T.);
#1462=ORIENTED_EDGE('',*,*,#1049,.T.);
#1463=ORIENTED_EDGE('',*,*,#1063,.T.);
#1464=ORIENTED_EDGE('',*,*,#1061,.T.);
#1465=ORIENTED_EDGE('',*,*,#1041,.F.);
#1466=ORIENTED_EDGE('',*,*,#1045,.T.);
#1467=ORIENTED_EDGE('',*,*,#1046,.F.);
#1468=ORIENTED_EDGE('',*,*,#1060,.T.);
#1469=ORIENTED_EDGE('',*,*,#1058,.T.);
#1470=ORIENTED_EDGE('',*,*,#1056,.T.);
#1471=ORIENTED_EDGE('',*,*,#1054,.T.);
#1472=ORIENTED_EDGE('',*,*,#1052,.T.);
#1473=ORIENTED_EDGE('',*,*,#1027,.T.);
#1474=ORIENTED_EDGE('',*,*,#1031,.T.);
#1475=ORIENTED_EDGE('',*,*,#989,.F.);
#1476=ORIENTED_EDGE('',*,*,#997,.F.);
#1477=ORIENTED_EDGE('',*,*,#998,.F.);
#1478=ORIENTED_EDGE('',*,*,#990,.F.);
#1479=ORIENTED_EDGE('',*,*,#980,.F.);
#1480=ORIENTED_EDGE('',*,*,#978,.F.);
#1481=ORIENTED_EDGE('',*,*,#1064,.T.);
#1482=ORIENTED_EDGE('',*,*,#1065,.T.);
#1483=ORIENTED_EDGE('',*,*,#1066,.T.);
#1484=ORIENTED_EDGE('',*,*,#1067,.T.);
#1485=ORIENTED_EDGE('',*,*,#1068,.T.);
#1486=ORIENTED_EDGE('',*,*,#1069,.T.);
#1487=ORIENTED_EDGE('',*,*,#1070,.T.);
#1488=ORIENTED_EDGE('',*,*,#1071,.T.);
#1489=ORIENTED_EDGE('',*,*,#1072,.T.);
#1490=ORIENTED_EDGE('',*,*,#1073,.T.);
#1491=ORIENTED_EDGE('',*,*,#1074,.T.);
#1492=ORIENTED_EDGE('',*,*,#1075,.T.);
#1493=ORIENTED_EDGE('',*,*,#1076,.T.);
#1494=ORIENTED_EDGE('',*,*,#1077,.T.);
#1495=ORIENTED_EDGE('',*,*,#993,.T.);
#1496=ORIENTED_EDGE('',*,*,#999,.T.);
#1497=ORIENTED_EDGE('',*,*,#994,.T.);
#1498=ORIENTED_EDGE('',*,*,#986,.T.);
#1499=ORIENTED_EDGE('',*,*,#1078,.T.);
#1500=ORIENTED_EDGE('',*,*,#983,.T.);
#1501=ORIENTED_EDGE('',*,*,#923,.T.);
#1502=ORIENTED_EDGE('',*,*,#933,.T.);
#1503=ORIENTED_EDGE('',*,*,#930,.T.);
#1504=ORIENTED_EDGE('',*,*,#927,.T.);
#1505=ORIENTED_EDGE('',*,*,#935,.T.);
#1506=ORIENTED_EDGE('',*,*,#945,.T.);
#1507=ORIENTED_EDGE('',*,*,#942,.T.);
#1508=ORIENTED_EDGE('',*,*,#939,.T.);
#1509=ORIENTED_EDGE('',*,*,#969,.T.);
#1510=ORIENTED_EDGE('',*,*,#984,.T.);
#1511=ORIENTED_EDGE('',*,*,#1078,.F.);
#1512=ORIENTED_EDGE('',*,*,#985,.F.);
#1513=ORIENTED_EDGE('',*,*,#1021,.F.);
#1514=ORIENTED_EDGE('',*,*,#1079,.T.);
#1515=ORIENTED_EDGE('',*,*,#1064,.F.);
#1516=ORIENTED_EDGE('',*,*,#1080,.F.);
#1517=ORIENTED_EDGE('',*,*,#1022,.F.);
#1518=ORIENTED_EDGE('',*,*,#1080,.T.);
#1519=ORIENTED_EDGE('',*,*,#1069,.F.);
#1520=ORIENTED_EDGE('',*,*,#1081,.F.);
#1521=ORIENTED_EDGE('',*,*,#1023,.F.);
#1522=ORIENTED_EDGE('',*,*,#1081,.T.);
#1523=ORIENTED_EDGE('',*,*,#1068,.F.);
#1524=ORIENTED_EDGE('',*,*,#1082,.F.);
#1525=ORIENTED_EDGE('',*,*,#1024,.F.);
#1526=ORIENTED_EDGE('',*,*,#1082,.T.);
#1527=ORIENTED_EDGE('',*,*,#1067,.F.);
#1528=ORIENTED_EDGE('',*,*,#1083,.F.);
#1529=ORIENTED_EDGE('',*,*,#1025,.F.);
#1530=ORIENTED_EDGE('',*,*,#1083,.T.);
#1531=ORIENTED_EDGE('',*,*,#1066,.F.);
#1532=ORIENTED_EDGE('',*,*,#1084,.F.);
#1533=ORIENTED_EDGE('',*,*,#1020,.F.);
#1534=ORIENTED_EDGE('',*,*,#1084,.T.);
#1535=ORIENTED_EDGE('',*,*,#1065,.F.);
#1536=ORIENTED_EDGE('',*,*,#1079,.F.);
#1537=ORIENTED_EDGE('',*,*,#909,.F.);
#1538=ORIENTED_EDGE('',*,*,#1085,.T.);
#1539=ORIENTED_EDGE('',*,*,#1070,.F.);
#1540=ORIENTED_EDGE('',*,*,#1086,.F.);
#1541=ORIENTED_EDGE('',*,*,#910,.F.);
#1542=ORIENTED_EDGE('',*,*,#1086,.T.);
#1543=ORIENTED_EDGE('',*,*,#1077,.F.);
#1544=ORIENTED_EDGE('',*,*,#1087,.F.);
#1545=ORIENTED_EDGE('',*,*,#911,.F.);
#1546=ORIENTED_EDGE('',*,*,#1087,.T.);
#1547=ORIENTED_EDGE('',*,*,#1076,.F.);
#1548=ORIENTED_EDGE('',*,*,#1088,.F.);
#1549=ORIENTED_EDGE('',*,*,#912,.F.);
#1550=ORIENTED_EDGE('',*,*,#1088,.T.);
#1551=ORIENTED_EDGE('',*,*,#1075,.F.);
#1552=ORIENTED_EDGE('',*,*,#1089,.F.);
#1553=ORIENTED_EDGE('',*,*,#913,.F.);
#1554=ORIENTED_EDGE('',*,*,#1089,.T.);
#1555=ORIENTED_EDGE('',*,*,#1074,.F.);
#1556=ORIENTED_EDGE('',*,*,#1090,.F.);
#1557=ORIENTED_EDGE('',*,*,#914,.F.);
#1558=ORIENTED_EDGE('',*,*,#1090,.T.);
#1559=ORIENTED_EDGE('',*,*,#1073,.F.);
#1560=ORIENTED_EDGE('',*,*,#1091,.F.);
#1561=ORIENTED_EDGE('',*,*,#915,.F.);
#1562=ORIENTED_EDGE('',*,*,#1091,.T.);
#1563=ORIENTED_EDGE('',*,*,#1072,.F.);
#1564=ORIENTED_EDGE('',*,*,#1092,.F.);
#1565=ORIENTED_EDGE('',*,*,#908,.F.);
#1566=ORIENTED_EDGE('',*,*,#1092,.T.);
#1567=ORIENTED_EDGE('',*,*,#1071,.F.);
#1568=ORIENTED_EDGE('',*,*,#1085,.F.);
#1569=PLANE('',#1752);
#1570=PLANE('',#1769);
#1571=PLANE('',#1770);
#1572=PLANE('',#1771);
#1573=PLANE('',#1776);
#1574=PLANE('',#1777);
#1575=PLANE('',#1794);
#1576=PLANE('',#1795);
#1577=PLANE('',#1796);
#1578=PLANE('',#1798);
#1579=PLANE('',#1807);
#1580=PLANE('',#1816);
#1581=PLANE('',#1817);
#1582=PLANE('',#1818);
#1583=PLANE('',#1822);
#1584=PLANE('',#1823);
#1585=PLANE('',#1824);
#1586=PLANE('',#1825);
#1587=PLANE('',#1826);
#1588=PLANE('',#1827);
#1589=PLANE('',#1828);
#1590=PLANE('',#1829);
#1591=PLANE('',#1830);
#1592=PLANE('',#1834);
#1593=PLANE('',#1838);
#1594=PLANE('',#1841);
#1595=PLANE('',#1844);
#1596=PLANE('',#1845);
#1597=PLANE('',#1846);
#1598=PLANE('',#1847);
#1599=PLANE('',#1848);
#1600=PLANE('',#1857);
#1601=PLANE('',#1858);
#1602=PLANE('',#1862);
#1603=PLANE('',#1878);
#1604=PLANE('',#1881);
#1605=PLANE('',#1884);
#1606=PLANE('',#1887);
#1607=PLANE('',#1888);
#1608=PLANE('',#1889);
#1609=PLANE('',#1890);
#1610=PLANE('',#1891);
#1611=PLANE('',#1892);
#1612=PLANE('',#1893);
#1613=PLANE('',#1894);
#1614=PLANE('',#1895);
#1615=PLANE('',#1896);
#1616=PLANE('',#1897);
#1617=PLANE('',#1901);
#1618=PLANE('',#1902);
#1619=PLANE('',#1903);
#1620=PLANE('',#1904);
#1621=PLANE('',#1905);
#1622=PLANE('',#1907);
#1623=PLANE('',#1909);
#1624=PLANE('',#1910);
#1625=PLANE('',#1911);
#1626=PLANE('',#1912);
#1627=PLANE('',#1913);
#1628=PLANE('',#1914);
#1629=PLANE('',#1916);
#1630=ADVANCED_FACE('',(#422,#405),#1569,.T.);
#1631=ADVANCED_FACE('',(#423),#401,.F.);
#1632=ADVANCED_FACE('',(#424),#377,.F.);
#1633=ADVANCED_FACE('',(#425),#402,.F.);
#1634=ADVANCED_FACE('',(#426),#378,.F.);
#1635=ADVANCED_FACE('',(#427),#1570,.F.);
#1636=ADVANCED_FACE('',(#428),#1571,.F.);
#1637=ADVANCED_FACE('',(#429),#1572,.T.);
#1638=ADVANCED_FACE('',(#430),#379,.T.);
#1639=ADVANCED_FACE('',(#431),#1573,.F.);
#1640=ADVANCED_FACE('',(#432,#406),#1574,.T.);
#1641=ADVANCED_FACE('',(#433),#403,.F.);
#1642=ADVANCED_FACE('',(#434),#380,.F.);
#1643=ADVANCED_FACE('',(#435),#404,.F.);
#1644=ADVANCED_FACE('',(#436),#381,.F.);
#1645=ADVANCED_FACE('',(#437),#1575,.F.);
#1646=ADVANCED_FACE('',(#438),#1576,.F.);
#1647=ADVANCED_FACE('',(#439),#1577,.T.);
#1648=ADVANCED_FACE('',(#440),#1578,.F.);
#1649=ADVANCED_FACE('',(#441),#382,.T.);
#1650=ADVANCED_FACE('',(#442),#14,.F.);
#1651=ADVANCED_FACE('',(#443,#407,#408),#1579,.T.);
#1652=ADVANCED_FACE('',(#444),#383,.F.);
#1653=ADVANCED_FACE('',(#445),#15,.F.);
#1654=ADVANCED_FACE('',(#446),#384,.F.);
#1655=ADVANCED_FACE('',(#447),#1580,.F.);
#1656=ADVANCED_FACE('',(#448),#1581,.F.);
#1657=ADVANCED_FACE('',(#449),#1582,.F.);
#1658=ADVANCED_FACE('',(#450),#385,.F.);
#1659=ADVANCED_FACE('',(#451,#409),#1583,.T.);
#1660=ADVANCED_FACE('',(#452),#1584,.F.);
#1661=ADVANCED_FACE('',(#453),#1585,.F.);
#1662=ADVANCED_FACE('',(#454),#1586,.F.);
#1663=ADVANCED_FACE('',(#455),#1587,.F.);
#1664=ADVANCED_FACE('',(#456,#410),#1588,.T.);
#1665=ADVANCED_FACE('',(#457),#1589,.F.);
#1666=ADVANCED_FACE('',(#458),#1590,.F.);
#1667=ADVANCED_FACE('',(#459),#1591,.F.);
#1668=ADVANCED_FACE('',(#460),#386,.T.);
#1669=ADVANCED_FACE('',(#461),#1592,.F.);
#1670=ADVANCED_FACE('',(#462),#387,.T.);
#1671=ADVANCED_FACE('',(#463,#411),#1593,.F.);
#1672=ADVANCED_FACE('',(#464,#412),#1594,.T.);
#1673=ADVANCED_FACE('',(#465),#1595,.T.);
#1674=ADVANCED_FACE('',(#466),#1596,.T.);
#1675=ADVANCED_FACE('',(#467),#1597,.T.);
#1676=ADVANCED_FACE('',(#468),#1598,.T.);
#1677=ADVANCED_FACE('',(#469),#1599,.T.);
#1678=ADVANCED_FACE('',(#470),#388,.T.);
#1679=ADVANCED_FACE('',(#471),#389,.T.);
#1680=ADVANCED_FACE('',(#472),#390,.T.);
#1681=ADVANCED_FACE('',(#473),#391,.T.);
#1682=ADVANCED_FACE('',(#474),#1600,.T.);
#1683=ADVANCED_FACE('',(#475),#1601,.T.);
#1684=ADVANCED_FACE('',(#476),#16,.F.);
#1685=ADVANCED_FACE('',(#477,#413,#414,#415),#1602,.T.);
#1686=ADVANCED_FACE('',(#478),#392,.F.);
#1687=ADVANCED_FACE('',(#479),#17,.F.);
#1688=ADVANCED_FACE('',(#480),#393,.F.);
#1689=ADVANCED_FACE('',(#481),#394,.T.);
#1690=ADVANCED_FACE('',(#482),#1603,.T.);
#1691=ADVANCED_FACE('',(#483),#395,.T.);
#1692=ADVANCED_FACE('',(#484),#1604,.T.);
#1693=ADVANCED_FACE('',(#485),#396,.T.);
#1694=ADVANCED_FACE('',(#486),#1605,.T.);
#1695=ADVANCED_FACE('',(#487),#397,.T.);
#1696=ADVANCED_FACE('',(#488),#1606,.T.);
#1697=ADVANCED_FACE('',(#489),#1607,.T.);
#1698=ADVANCED_FACE('',(#490),#1608,.T.);
#1699=ADVANCED_FACE('',(#491),#1609,.T.);
#1700=ADVANCED_FACE('',(#492),#1610,.T.);
#1701=ADVANCED_FACE('',(#493),#1611,.T.);
#1702=ADVANCED_FACE('',(#494),#1612,.T.);
#1703=ADVANCED_FACE('',(#495),#1613,.T.);
#1704=ADVANCED_FACE('',(#496),#1614,.T.);
#1705=ADVANCED_FACE('',(#497,#416,#417,#418),#1615,.F.);
#1706=ADVANCED_FACE('',(#498,#419),#1616,.F.);
#1707=ADVANCED_FACE('',(#499,#420,#421),#1617,.T.);
#1708=ADVANCED_FACE('',(#500),#1618,.T.);
#1709=ADVANCED_FACE('',(#501),#1619,.T.);
#1710=ADVANCED_FACE('',(#502),#1620,.T.);
#1711=ADVANCED_FACE('',(#503),#1621,.T.);
#1712=ADVANCED_FACE('',(#504),#398,.F.);
#1713=ADVANCED_FACE('',(#505),#1622,.T.);
#1714=ADVANCED_FACE('',(#506),#399,.F.);
#1715=ADVANCED_FACE('',(#507),#1623,.T.);
#1716=ADVANCED_FACE('',(#508),#1624,.T.);
#1717=ADVANCED_FACE('',(#509),#1625,.T.);
#1718=ADVANCED_FACE('',(#510),#1626,.T.);
#1719=ADVANCED_FACE('',(#511),#1627,.T.);
#1720=ADVANCED_FACE('',(#512),#1628,.T.);
#1721=ADVANCED_FACE('',(#513),#400,.T.);
#1722=ADVANCED_FACE('',(#514),#1629,.T.);
#1723=CLOSED_SHELL('',(#1630,#1631,#1632,#1633,#1634,#1635,#1636,#1637,
#1638,#1639));
#1724=CLOSED_SHELL('',(#1640,#1641,#1642,#1643,#1644,#1645,#1646,#1647,
#1648,#1649));
#1725=CLOSED_SHELL('',(#1650,#1651,#1652,#1653,#1654,#1655,#1656,#1657,
#1658,#1659,#1660,#1661,#1662,#1663,#1664,#1665,#1666,#1667,#1668,#1669,
#1670,#1671,#1672,#1673,#1674,#1675,#1676,#1677,#1678,#1679,#1680,#1681,
#1682,#1683,#1684,#1685,#1686,#1687,#1688,#1689,#1690,#1691,#1692,#1693,
#1694,#1695,#1696,#1697,#1698,#1699,#1700,#1701,#1702,#1703,#1704,#1705,
#1706,#1707,#1708,#1709,#1710,#1711,#1712,#1713,#1714,#1715,#1716,#1717,
#1718,#1719,#1720,#1721,#1722));
#1726=DERIVED_UNIT_ELEMENT(#1730,1.);
#1727=DERIVED_UNIT_ELEMENT(#2940,-3.);
#1728=DERIVED_UNIT_ELEMENT(#1730,1.);
#1729=DERIVED_UNIT_ELEMENT(#2940,-3.);
#1730=(
MASS_UNIT()
NAMED_UNIT(*)
SI_UNIT(.KILO.,.GRAM.)
);
#1731=DERIVED_UNIT((#1726,#1727));
#1732=DERIVED_UNIT((#1728,#1729));
#1733=MEASURE_REPRESENTATION_ITEM('density measure',
POSITIVE_RATIO_MEASURE(7850.),#1731);
#1734=MEASURE_REPRESENTATION_ITEM('density measure',
POSITIVE_RATIO_MEASURE(7850.),#1732);
#1735=PROPERTY_DEFINITION_REPRESENTATION(#1745,#1739);
#1736=PROPERTY_DEFINITION_REPRESENTATION(#1746,#1740);
#1737=PROPERTY_DEFINITION_REPRESENTATION(#1747,#1741);
#1738=PROPERTY_DEFINITION_REPRESENTATION(#1748,#1742);
#1739=REPRESENTATION('material name',(#1743),#2936);
#1740=REPRESENTATION('density',(#1733),#2936);
#1741=REPRESENTATION('material name',(#1744),#2937);
#1742=REPRESENTATION('density',(#1734),#2937);
#1743=DESCRIPTIVE_REPRESENTATION_ITEM('Steel','Steel');
#1744=DESCRIPTIVE_REPRESENTATION_ITEM('Steel','Steel');
#1745=PROPERTY_DEFINITION('material property','material name',#2961);
#1746=PROPERTY_DEFINITION('material property','density of part',#2961);
#1747=PROPERTY_DEFINITION('material property','material name',#2962);
#1748=PROPERTY_DEFINITION('material property','density of part',#2962);
#1749=AXIS2_PLACEMENT_3D('placement',#2430,#1920,#1921);
#1750=AXIS2_PLACEMENT_3D('placement',#2431,#1922,#1923);
#1751=AXIS2_PLACEMENT_3D('placement',#2432,#1924,#1925);
#1752=AXIS2_PLACEMENT_3D('',#2433,#1926,#1927);
#1753=AXIS2_PLACEMENT_3D('',#2435,#1928,#1929);
#1754=AXIS2_PLACEMENT_3D('',#2437,#1930,#1931);
#1755=AXIS2_PLACEMENT_3D('',#2438,#1932,#1933);
#1756=AXIS2_PLACEMENT_3D('',#2441,#1934,#1935);
#1757=AXIS2_PLACEMENT_3D('',#2443,#1936,#1937);
#1758=AXIS2_PLACEMENT_3D('',#2444,#1938,#1939);
#1759=AXIS2_PLACEMENT_3D('',#2445,#1940,#1941);
#1760=AXIS2_PLACEMENT_3D('',#2447,#1943,#1944);
#1761=AXIS2_PLACEMENT_3D('',#2450,#1945,#1946);
#1762=AXIS2_PLACEMENT_3D('',#2452,#1947,#1948);
#1763=AXIS2_PLACEMENT_3D('',#2454,#1949,#1950);
#1764=AXIS2_PLACEMENT_3D('',#2456,#1951,#1952);
#1765=AXIS2_PLACEMENT_3D('',#2458,#1953,#1954);
#1766=AXIS2_PLACEMENT_3D('',#2459,#1955,#1956);
#1767=AXIS2_PLACEMENT_3D('',#2460,#1957,#1958);
#1768=AXIS2_PLACEMENT_3D('',#2464,#1960,#1961);
#1769=AXIS2_PLACEMENT_3D('',#2466,#1963,#1964);
#1770=AXIS2_PLACEMENT_3D('',#2472,#1968,#1969);
#1771=AXIS2_PLACEMENT_3D('',#2478,#1973,#1974);
#1772=AXIS2_PLACEMENT_3D('',#2480,#1975,#1976);
#1773=AXIS2_PLACEMENT_3D('',#2481,#1977,#1978);
#1774=AXIS2_PLACEMENT_3D('',#2482,#1979,#1980);
#1775=AXIS2_PLACEMENT_3D('',#2484,#1982,#1983);
#1776=AXIS2_PLACEMENT_3D('',#2485,#1984,#1985);
#1777=AXIS2_PLACEMENT_3D('',#2486,#1986,#1987);
#1778=AXIS2_PLACEMENT_3D('',#2488,#1988,#1989);
#1779=AXIS2_PLACEMENT_3D('',#2490,#1990,#1991);
#1780=AXIS2_PLACEMENT_3D('',#2491,#1992,#1993);
#1781=AXIS2_PLACEMENT_3D('',#2494,#1994,#1995);
#1782=AXIS2_PLACEMENT_3D('',#2496,#1996,#1997);
#1783=AXIS2_PLACEMENT_3D('',#2497,#1998,#1999);
#1784=AXIS2_PLACEMENT_3D('',#2498,#2000,#2001);
#1785=AXIS2_PLACEMENT_3D('',#2500,#2003,#2004);
#1786=AXIS2_PLACEMENT_3D('',#2503,#2005,#2006);
#1787=AXIS2_PLACEMENT_3D('',#2505,#2007,#2008);
#1788=AXIS2_PLACEMENT_3D('',#2507,#2009,#2010);
#1789=AXIS2_PLACEMENT_3D('',#2509,#2011,#2012);
#1790=AXIS2_PLACEMENT_3D('',#2511,#2013,#2014);
#1791=AXIS2_PLACEMENT_3D('',#2512,#2015,#2016);
#1792=AXIS2_PLACEMENT_3D('',#2513,#2017,#2018);
#1793=AXIS2_PLACEMENT_3D('',#2517,#2020,#2021);
#1794=AXIS2_PLACEMENT_3D('',#2519,#2023,#2024);
#1795=AXIS2_PLACEMENT_3D('',#2525,#2028,#2029);
#1796=AXIS2_PLACEMENT_3D('',#2531,#2033,#2034);
#1797=AXIS2_PLACEMENT_3D('',#2532,#2035,#2036);
#1798=AXIS2_PLACEMENT_3D('',#2533,#2037,#2038);
#1799=AXIS2_PLACEMENT_3D('',#2535,#2039,#2040);
#1800=AXIS2_PLACEMENT_3D('',#2536,#2041,#2042);
#1801=AXIS2_PLACEMENT_3D('',#2537,#2043,#2044);
#1802=AXIS2_PLACEMENT_3D('',#2539,#2046,#2047);
#1803=AXIS2_PLACEMENT_3D('placement',#2540,#2048,#2049);
#1804=AXIS2_PLACEMENT_3D('',#2541,#2050,#2051);
#1805=AXIS2_PLACEMENT_3D('',#2543,#2052,#2053);
#1806=AXIS2_PLACEMENT_3D('',#2546,#2055,#2056);
#1807=AXIS2_PLACEMENT_3D('',#2547,#2057,#2058);
#1808=AXIS2_PLACEMENT_3D('',#2563,#2066,#2067);
#1809=AXIS2_PLACEMENT_3D('',#2565,#2068,#2069);
#1810=AXIS2_PLACEMENT_3D('',#2566,#2070,#2071);
#1811=AXIS2_PLACEMENT_3D('',#2568,#2072,#2073);
#1812=AXIS2_PLACEMENT_3D('',#2570,#2075,#2076);
#1813=AXIS2_PLACEMENT_3D('',#2573,#2078,#2079);
#1814=AXIS2_PLACEMENT_3D('',#2574,#2080,#2081);
#1815=AXIS2_PLACEMENT_3D('',#2576,#2082,#2083);
#1816=AXIS2_PLACEMENT_3D('',#2578,#2085,#2086);
#1817=AXIS2_PLACEMENT_3D('',#2587,#2091,#2092);
#1818=AXIS2_PLACEMENT_3D('',#2593,#2096,#2097);
#1819=AXIS2_PLACEMENT_3D('',#2599,#2101,#2102);
#1820=AXIS2_PLACEMENT_3D('',#2600,#2103,#2104);
#1821=AXIS2_PLACEMENT_3D('',#2601,#2105,#2106);
#1822=AXIS2_PLACEMENT_3D('',#2602,#2107,#2108);
#1823=AXIS2_PLACEMENT_3D('',#2603,#2109,#2110);
#1824=AXIS2_PLACEMENT_3D('',#2612,#2115,#2116);
#1825=AXIS2_PLACEMENT_3D('',#2618,#2120,#2121);
#1826=AXIS2_PLACEMENT_3D('',#2624,#2125,#2126);
#1827=AXIS2_PLACEMENT_3D('',#2627,#2129,#2130);
#1828=AXIS2_PLACEMENT_3D('',#2628,#2131,#2132);
#1829=AXIS2_PLACEMENT_3D('',#2637,#2137,#2138);
#1830=AXIS2_PLACEMENT_3D('',#2643,#2142,#2143);
#1831=AXIS2_PLACEMENT_3D('',#2649,#2147,#2148);
#1832=AXIS2_PLACEMENT_3D('',#2651,#2149,#2150);
#1833=AXIS2_PLACEMENT_3D('',#2654,#2152,#2153);
#1834=AXIS2_PLACEMENT_3D('',#2655,#2154,#2155);
#1835=AXIS2_PLACEMENT_3D('',#2661,#2159,#2160);
#1836=AXIS2_PLACEMENT_3D('',#2662,#2161,#2162);
#1837=AXIS2_PLACEMENT_3D('',#2663,#2163,#2164);
#1838=AXIS2_PLACEMENT_3D('',#2664,#2165,#2166);
#1839=AXIS2_PLACEMENT_3D('',#2667,#2167,#2168);
#1840=AXIS2_PLACEMENT_3D('',#2671,#2170,#2171);
#1841=AXIS2_PLACEMENT_3D('',#2677,#2175,#2176);
#1842=AXIS2_PLACEMENT_3D('',#2680,#2177,#2178);
#1843=AXIS2_PLACEMENT_3D('',#2688,#2182,#2183);
#1844=AXIS2_PLACEMENT_3D('',#2690,#2185,#2186);
#1845=AXIS2_PLACEMENT_3D('',#2696,#2190,#2191);
#1846=AXIS2_PLACEMENT_3D('',#2700,#2194,#2195);
#1847=AXIS2_PLACEMENT_3D('',#2706,#2199,#2200);
#1848=AXIS2_PLACEMENT_3D('',#2712,#2204,#2205);
#1849=AXIS2_PLACEMENT_3D('',#2716,#2208,#2209);
#1850=AXIS2_PLACEMENT_3D('',#2718,#2210,#2211);
#1851=AXIS2_PLACEMENT_3D('',#2720,#2213,#2214);
#1852=AXIS2_PLACEMENT_3D('',#2723,#2216,#2217);
#1853=AXIS2_PLACEMENT_3D('',#2724,#2218,#2219);
#1854=AXIS2_PLACEMENT_3D('',#2726,#2220,#2221);
#1855=AXIS2_PLACEMENT_3D('',#2728,#2223,#2224);
#1856=AXIS2_PLACEMENT_3D('',#2731,#2226,#2227);
#1857=AXIS2_PLACEMENT_3D('',#2732,#2228,#2229);
#1858=AXIS2_PLACEMENT_3D('',#2734,#2231,#2232);
#1859=AXIS2_PLACEMENT_3D('',#2736,#2234,#2235);
#1860=AXIS2_PLACEMENT_3D('',#2738,#2236,#2237);
#1861=AXIS2_PLACEMENT_3D('',#2741,#2239,#2240);
#1862=AXIS2_PLACEMENT_3D('',#2742,#2241,#2242);
#1863=AXIS2_PLACEMENT_3D('',#2745,#2243,#2244);
#1864=AXIS2_PLACEMENT_3D('',#2757,#2250,#2251);
#1865=AXIS2_PLACEMENT_3D('',#2761,#2253,#2254);
#1866=AXIS2_PLACEMENT_3D('',#2773,#2260,#2261);
#1867=AXIS2_PLACEMENT_3D('',#2776,#2263,#2264);
#1868=AXIS2_PLACEMENT_3D('',#2779,#2265,#2266);
#1869=AXIS2_PLACEMENT_3D('',#2787,#2270,#2271);
#1870=AXIS2_PLACEMENT_3D('',#2789,#2273,#2274);
#1871=AXIS2_PLACEMENT_3D('',#2792,#2276,#2277);
#1872=AXIS2_PLACEMENT_3D('',#2793,#2278,#2279);
#1873=AXIS2_PLACEMENT_3D('',#2796,#2281,#2282);
#1874=AXIS2_PLACEMENT_3D('',#2797,#2283,#2284);
#1875=AXIS2_PLACEMENT_3D('',#2800,#2286,#2287);
#1876=AXIS2_PLACEMENT_3D('',#2801,#2288,#2289);
#1877=AXIS2_PLACEMENT_3D('',#2804,#2290,#2291);
#1878=AXIS2_PLACEMENT_3D('',#2807,#2294,#2295);
#1879=AXIS2_PLACEMENT_3D('',#2811,#2298,#2299);
#1880=AXIS2_PLACEMENT_3D('',#2813,#2300,#2301);
#1881=AXIS2_PLACEMENT_3D('',#2815,#2303,#2304);
#1882=AXIS2_PLACEMENT_3D('',#2819,#2307,#2308);
#1883=AXIS2_PLACEMENT_3D('',#2822,#2309,#2310);
#1884=AXIS2_PLACEMENT_3D('',#2825,#2313,#2314);
#1885=AXIS2_PLACEMENT_3D('',#2829,#2317,#2318);
#1886=AXIS2_PLACEMENT_3D('',#2831,#2319,#2320);
#1887=AXIS2_PLACEMENT_3D('',#2833,#2322,#2323);
#1888=AXIS2_PLACEMENT_3D('',#2839,#2327,#2328);
#1889=AXIS2_PLACEMENT_3D('',#2841,#2330,#2331);
#1890=AXIS2_PLACEMENT_3D('',#2845,#2334,#2335);
#1891=AXIS2_PLACEMENT_3D('',#2849,#2338,#2339);
#1892=AXIS2_PLACEMENT_3D('',#2853,#2342,#2343);
#1893=AXIS2_PLACEMENT_3D('',#2857,#2346,#2347);
#1894=AXIS2_PLACEMENT_3D('',#2859,#2349,#2350);
#1895=AXIS2_PLACEMENT_3D('',#2863,#2353,#2354);
#1896=AXIS2_PLACEMENT_3D('',#2865,#2356,#2357);
#1897=AXIS2_PLACEMENT_3D('',#2866,#2358,#2359);
#1898=AXIS2_PLACEMENT_3D('',#2871,#2361,#2362);
#1899=AXIS2_PLACEMENT_3D('',#2875,#2364,#2365);
#1900=AXIS2_PLACEMENT_3D('',#2885,#2370,#2371);
#1901=AXIS2_PLACEMENT_3D('',#2895,#2377,#2378);
#1902=AXIS2_PLACEMENT_3D('',#2897,#2380,#2381);
#1903=AXIS2_PLACEMENT_3D('',#2898,#2382,#2383);
#1904=AXIS2_PLACEMENT_3D('',#2901,#2386,#2387);
#1905=AXIS2_PLACEMENT_3D('',#2903,#2389,#2390);
#1906=AXIS2_PLACEMENT_3D('',#2905,#2392,#2393);
#1907=AXIS2_PLACEMENT_3D('',#2907,#2395,#2396);
#1908=AXIS2_PLACEMENT_3D('',#2909,#2398,#2399);
#1909=AXIS2_PLACEMENT_3D('',#2910,#2400,#2401);
#1910=AXIS2_PLACEMENT_3D('',#2913,#2404,#2405);
#1911=AXIS2_PLACEMENT_3D('',#2915,#2407,#2408);
#1912=AXIS2_PLACEMENT_3D('',#2917,#2410,#2411);
#1913=AXIS2_PLACEMENT_3D('',#2919,#2413,#2414);
#1914=AXIS2_PLACEMENT_3D('',#2921,#2416,#2417);
#1915=AXIS2_PLACEMENT_3D('',#2923,#2419,#2420);
#1916=AXIS2_PLACEMENT_3D('',#2925,#2422,#2423);
#1917=AXIS2_PLACEMENT_3D('',#2926,#2424,#2425);
#1918=AXIS2_PLACEMENT_3D('',#2927,#2426,#2427);
#1919=AXIS2_PLACEMENT_3D('',#2928,#2428,#2429);
#1920=DIRECTION('axis',(0.,0.,1.));
#1921=DIRECTION('refdir',(1.,0.,0.));
#1922=DIRECTION('axis',(0.,0.,1.));
#1923=DIRECTION('refdir',(1.,0.,0.));
#1924=DIRECTION('axis',(0.,0.,1.));
#1925=DIRECTION('refdir',(1.,0.,0.));
#1926=DIRECTION('center_axis',(0.,0.,1.));
#1927=DIRECTION('ref_axis',(-1.,0.,0.));
#1928=DIRECTION('center_axis',(0.,0.,1.));
#1929=DIRECTION('ref_axis',(-1.,0.,0.));
#1930=DIRECTION('center_axis',(0.,0.,-1.));
#1931=DIRECTION('ref_axis',(-1.,0.,0.));
#1932=DIRECTION('center_axis',(0.,0.,1.));
#1933=DIRECTION('ref_axis',(1.,0.,0.));
#1934=DIRECTION('center_axis',(0.,0.,1.));
#1935=DIRECTION('ref_axis',(-1.,0.,0.));
#1936=DIRECTION('center_axis',(-1.22464679914735E-16,1.,0.));
#1937=DIRECTION('ref_axis',(-1.,-1.22464679914735E-16,0.));
#1938=DIRECTION('center_axis',(0.,0.,1.));
#1939=DIRECTION('ref_axis',(-1.,0.,0.));
#1940=DIRECTION('center_axis',(0.,0.,-1.));
#1941=DIRECTION('ref_axis',(-1.,0.,0.));
#1942=DIRECTION('',(0.,0.,-1.));
#1943=DIRECTION('center_axis',(0.,0.,1.));
#1944=DIRECTION('ref_axis',(1.,0.,0.));
#1945=DIRECTION('center_axis',(1.,0.,0.));
#1946=DIRECTION('ref_axis',(0.,0.,1.));
#1947=DIRECTION('center_axis',(0.,0.,-1.));
#1948=DIRECTION('ref_axis',(-1.,0.,0.));
#1949=DIRECTION('center_axis',(-1.22464679914735E-16,1.,0.));
#1950=DIRECTION('ref_axis',(-1.,-1.22464679914735E-16,0.));
#1951=DIRECTION('center_axis',(0.,0.,-1.));
#1952=DIRECTION('ref_axis',(-1.,0.,0.));
#1953=DIRECTION('center_axis',(1.,0.,0.));
#1954=DIRECTION('ref_axis',(0.,0.,1.));
#1955=DIRECTION('center_axis',(0.,0.,-1.));
#1956=DIRECTION('ref_axis',(0.,-1.,0.));
#1957=DIRECTION('center_axis',(0.,0.,-1.));
#1958=DIRECTION('ref_axis',(-1.,0.,0.));
#1959=DIRECTION('',(0.,0.,-1.));
#1960=DIRECTION('center_axis',(0.,0.,1.));
#1961=DIRECTION('ref_axis',(-1.,0.,0.));
#1962=DIRECTION('',(0.,0.,1.));
#1963=DIRECTION('center_axis',(-1.,0.,0.));
#1964=DIRECTION('ref_axis',(0.,-1.,0.));
#1965=DIRECTION('',(0.,-1.,0.));
#1966=DIRECTION('',(0.,-1.,0.));
#1967=DIRECTION('',(0.,0.,1.));
#1968=DIRECTION('center_axis',(-1.,0.,0.));
#1969=DIRECTION('ref_axis',(0.,-1.,0.));
#1970=DIRECTION('',(0.,-1.,0.));
#1971=DIRECTION('',(0.,0.,-1.));
#1972=DIRECTION('',(0.,1.,0.));
#1973=DIRECTION('center_axis',(0.,0.,-1.));
#1974=DIRECTION('ref_axis',(1.,0.,0.));
#1975=DIRECTION('center_axis',(0.,0.,1.));
#1976=DIRECTION('ref_axis',(-1.,0.,0.));
#1977=DIRECTION('center_axis',(0.,0.,1.));
#1978=DIRECTION('ref_axis',(-1.,0.,0.));
#1979=DIRECTION('center_axis',(0.,0.,-1.));
#1980=DIRECTION('ref_axis',(-1.,0.,0.));
#1981=DIRECTION('',(0.,0.,1.));
#1982=DIRECTION('center_axis',(0.,0.,-1.));
#1983=DIRECTION('ref_axis',(-1.,0.,0.));
#1984=DIRECTION('center_axis',(0.,0.,1.));
#1985=DIRECTION('ref_axis',(-1.,0.,0.));
#1986=DIRECTION('center_axis',(0.,0.,1.));
#1987=DIRECTION('ref_axis',(-1.,0.,0.));
#1988=DIRECTION('center_axis',(0.,0.,1.));
#1989=DIRECTION('ref_axis',(-1.,0.,0.));
#1990=DIRECTION('center_axis',(0.,0.,-1.));
#1991=DIRECTION('ref_axis',(-1.,0.,0.));
#1992=DIRECTION('center_axis',(0.,0.,1.));
#1993=DIRECTION('ref_axis',(1.,0.,0.));
#1994=DIRECTION('center_axis',(0.,0.,1.));
#1995=DIRECTION('ref_axis',(-1.,0.,0.));
#1996=DIRECTION('center_axis',(-1.22464679914735E-16,1.,0.));
#1997=DIRECTION('ref_axis',(-1.,-1.22464679914735E-16,0.));
#1998=DIRECTION('center_axis',(0.,0.,1.));
#1999=DIRECTION('ref_axis',(-1.,0.,0.));
#2000=DIRECTION('center_axis',(0.,0.,-1.));
#2001=DIRECTION('ref_axis',(-1.,0.,0.));
#2002=DIRECTION('',(0.,0.,-1.));
#2003=DIRECTION('center_axis',(0.,0.,1.));
#2004=DIRECTION('ref_axis',(1.,0.,0.));
#2005=DIRECTION('center_axis',(-1.,0.,0.));
#2006=DIRECTION('ref_axis',(0.,0.,-1.));
#2007=DIRECTION('center_axis',(0.,0.,-1.));
#2008=DIRECTION('ref_axis',(-1.,0.,0.));
#2009=DIRECTION('center_axis',(-1.,0.,0.));
#2010=DIRECTION('ref_axis',(0.,0.,-1.));
#2011=DIRECTION('center_axis',(0.,0.,-1.));
#2012=DIRECTION('ref_axis',(0.,-1.,0.));
#2013=DIRECTION('center_axis',(-1.22464679914735E-16,1.,0.));
#2014=DIRECTION('ref_axis',(-1.,-1.22464679914735E-16,0.));
#2015=DIRECTION('center_axis',(0.,0.,-1.));
#2016=DIRECTION('ref_axis',(0.,-1.,0.));
#2017=DIRECTION('center_axis',(0.,0.,-1.));
#2018=DIRECTION('ref_axis',(1.,1.22464679914735E-16,0.));
#2019=DIRECTION('',(0.,0.,-1.));
#2020=DIRECTION('center_axis',(0.,0.,1.));
#2021=DIRECTION('ref_axis',(-1.,0.,0.));
#2022=DIRECTION('',(0.,0.,1.));
#2023=DIRECTION('center_axis',(1.,0.,0.));
#2024=DIRECTION('ref_axis',(0.,1.,0.));
#2025=DIRECTION('',(0.,1.,0.));
#2026=DIRECTION('',(0.,1.,0.));
#2027=DIRECTION('',(0.,0.,1.));
#2028=DIRECTION('center_axis',(1.,0.,0.));
#2029=DIRECTION('ref_axis',(0.,1.,0.));
#2030=DIRECTION('',(0.,1.,0.));
#2031=DIRECTION('',(0.,0.,-1.));
#2032=DIRECTION('',(0.,-1.,0.));
#2033=DIRECTION('center_axis',(0.,0.,-1.));
#2034=DIRECTION('ref_axis',(1.,0.,0.));
#2035=DIRECTION('center_axis',(0.,0.,1.));
#2036=DIRECTION('ref_axis',(-1.,0.,0.));
#2037=DIRECTION('center_axis',(0.,0.,1.));
#2038=DIRECTION('ref_axis',(-1.,0.,0.));
#2039=DIRECTION('center_axis',(0.,0.,-1.));
#2040=DIRECTION('ref_axis',(-1.,0.,0.));
#2041=DIRECTION('center_axis',(0.,0.,-1.));
#2042=DIRECTION('ref_axis',(-1.,0.,0.));
#2043=DIRECTION('center_axis',(0.,0.,-1.));
#2044=DIRECTION('ref_axis',(-1.,0.,0.));
#2045=DIRECTION('',(0.,0.,1.));
#2046=DIRECTION('',(3.57316950414724E-17,6.94227634518728E-33,1.));
#2047=DIRECTION('',(1.,0.,-2.03612620332751E-31));
#2048=DIRECTION('axis',(0.,0.,1.));
#2049=DIRECTION('refdir',(1.,0.,0.));
#2050=DIRECTION('center_axis',(0.,0.,1.));
#2051=DIRECTION('ref_axis',(1.,0.,0.));
#2052=DIRECTION('center_axis',(0.,0.,1.));
#2053=DIRECTION('ref_axis',(1.,0.,0.));
#2054=DIRECTION('',(0.707106781186548,8.65956056235494E-17,-0.707106781186547));
#2055=DIRECTION('center_axis',(0.,0.,-1.));
#2056=DIRECTION('ref_axis',(1.,0.,0.));
#2057=DIRECTION('center_axis',(0.,0.,1.));
#2058=DIRECTION('ref_axis',(1.,0.,0.));
#2059=DIRECTION('',(1.,-4.62592926927144E-16,0.));
#2060=DIRECTION('',(8.09537622122509E-15,1.,0.));
#2061=DIRECTION('',(1.,-2.31296463463574E-16,0.));
#2062=DIRECTION('',(-8.09537622122509E-15,-1.,0.));
#2063=DIRECTION('',(1.,-9.65411325761006E-17,0.));
#2064=DIRECTION('',(8.02776648575113E-15,1.,0.));
#2065=DIRECTION('',(-1.,2.10468819834153E-16,0.));
#2066=DIRECTION('center_axis',(0.,0.,1.));
#2067=DIRECTION('ref_axis',(7.8569629435011E-15,1.,0.));
#2068=DIRECTION('center_axis',(0.,0.,1.));
#2069=DIRECTION('ref_axis',(1.,0.,0.));
#2070=DIRECTION('center_axis',(0.,0.,-1.));
#2071=DIRECTION('ref_axis',(1.,0.,0.));
#2072=DIRECTION('center_axis',(0.,0.,-1.));
#2073=DIRECTION('ref_axis',(1.,0.,0.));
#2074=DIRECTION('',(0.,0.,1.));
#2075=DIRECTION('center_axis',(0.,0.,1.));
#2076=DIRECTION('ref_axis',(1.,0.,0.));
#2077=DIRECTION('',(0.707106781186548,8.65956056235494E-17,-0.707106781186547));
#2078=DIRECTION('center_axis',(0.,0.,-1.));
#2079=DIRECTION('ref_axis',(1.,0.,0.));
#2080=DIRECTION('center_axis',(0.,0.,-1.));
#2081=DIRECTION('ref_axis',(1.,0.,0.));
#2082=DIRECTION('center_axis',(0.,0.,-1.));
#2083=DIRECTION('ref_axis',(1.,0.,0.));
#2084=DIRECTION('',(0.,0.,1.));
#2085=DIRECTION('center_axis',(2.10468819834153E-16,1.,0.));
#2086=DIRECTION('ref_axis',(-1.,2.10468819834153E-16,0.));
#2087=DIRECTION('',(-1.,2.10468819834153E-16,0.));
#2088=DIRECTION('',(0.,0.,1.));
#2089=DIRECTION('',(-1.,2.10468819834153E-16,0.));
#2090=DIRECTION('',(0.,0.,1.));
#2091=DIRECTION('center_axis',(1.,0.,0.));
#2092=DIRECTION('ref_axis',(0.,1.,0.));
#2093=DIRECTION('',(0.,1.,0.));
#2094=DIRECTION('',(0.,0.,1.));
#2095=DIRECTION('',(0.,1.,0.));
#2096=DIRECTION('center_axis',(-2.31296463463574E-16,-1.,0.));
#2097=DIRECTION('ref_axis',(1.,-2.31296463463574E-16,0.));
#2098=DIRECTION('',(1.,-2.31296463463574E-16,0.));
#2099=DIRECTION('',(0.,0.,1.));
#2100=DIRECTION('',(1.,-2.31296463463574E-16,0.));
#2101=DIRECTION('center_axis',(0.,0.,1.));
#2102=DIRECTION('ref_axis',(-1.60555329715023E-14,-1.,0.));
#2103=DIRECTION('center_axis',(0.,0.,1.));
#2104=DIRECTION('ref_axis',(-1.60555329715023E-14,-1.,0.));
#2105=DIRECTION('center_axis',(0.,0.,1.));
#2106=DIRECTION('ref_axis',(-1.60555329715023E-14,-1.,0.));
#2107=DIRECTION('center_axis',(0.,0.,-1.));
#2108=DIRECTION('ref_axis',(1.,0.,0.));
#2109=DIRECTION('center_axis',(-1.,0.,0.));
#2110=DIRECTION('ref_axis',(0.,-1.,0.));
#2111=DIRECTION('',(0.,-1.,0.));
#2112=DIRECTION('',(0.,0.,1.));
#2113=DIRECTION('',(0.,-1.,0.));
#2114=DIRECTION('',(0.,0.,1.));
#2115=DIRECTION('center_axis',(2.10468819834153E-16,1.,0.));
#2116=DIRECTION('ref_axis',(-1.,2.10468819834153E-16,0.));
#2117=DIRECTION('',(-1.,2.10468819834153E-16,0.));
#2118=DIRECTION('',(0.,0.,1.));
#2119=DIRECTION('',(-1.,2.10468819834153E-16,0.));
#2120=DIRECTION('center_axis',(1.,-8.02776648575113E-15,0.));
#2121=DIRECTION('ref_axis',(8.02776648575113E-15,1.,0.));
#2122=DIRECTION('',(8.02776648575113E-15,1.,0.));
#2123=DIRECTION('',(0.,0.,1.));
#2124=DIRECTION('',(8.02776648575113E-15,1.,0.));
#2125=DIRECTION('center_axis',(-2.31296463463574E-16,-1.,0.));
#2126=DIRECTION('ref_axis',(1.,-2.31296463463574E-16,0.));
#2127=DIRECTION('',(1.,-2.31296463463574E-16,0.));
#2128=DIRECTION('',(1.,-2.31296463463574E-16,0.));
#2129=DIRECTION('center_axis',(0.,0.,-1.));
#2130=DIRECTION('ref_axis',(1.,0.,0.));
#2131=DIRECTION('center_axis',(-4.28289365103409E-9,1.,0.));
#2132=DIRECTION('ref_axis',(-1.,-4.28289365103409E-9,0.));
#2133=DIRECTION('',(1.,4.28289365103409E-9,0.));
#2134=DIRECTION('',(0.,0.,1.));
#2135=DIRECTION('',(-1.,-4.28289365103409E-9,0.));
#2136=DIRECTION('',(0.,0.,1.));
#2137=DIRECTION('center_axis',(-1.,4.31720130672171E-9,0.));
#2138=DIRECTION('ref_axis',(-4.31720130672171E-9,-1.,0.));
#2139=DIRECTION('',(4.31720130672171E-9,1.,0.));
#2140=DIRECTION('',(0.,0.,1.));
#2141=DIRECTION('',(-4.31720130672171E-9,-1.,0.));
#2142=DIRECTION('center_axis',(3.32057978096209E-12,-1.,0.));
#2143=DIRECTION('ref_axis',(1.,3.32057978096209E-12,0.));
#2144=DIRECTION('',(-1.,-3.32057978096209E-12,0.));
#2145=DIRECTION('',(0.,0.,1.));
#2146=DIRECTION('',(1.,3.32057978096209E-12,0.));
#2147=DIRECTION('center_axis',(0.,0.,1.));
#2148=DIRECTION('ref_axis',(-1.,-1.04988643311908E-8,0.));
#2149=DIRECTION('center_axis',(0.,0.,1.));
#2150=DIRECTION('ref_axis',(-1.,-1.04988643311908E-8,0.));
#2151=DIRECTION('',(0.,0.,1.));
#2152=DIRECTION('center_axis',(0.,0.,-1.));
#2153=DIRECTION('ref_axis',(-1.,-1.04988643311908E-8,0.));
#2154=DIRECTION('center_axis',(1.,-1.61682608779556E-8,0.));
#2155=DIRECTION('ref_axis',(1.61682608779556E-8,1.,0.));
#2156=DIRECTION('',(-1.61682608779556E-8,-1.,0.));
#2157=DIRECTION('',(0.,0.,1.));
#2158=DIRECTION('',(1.61682608779556E-8,1.,0.));
#2159=DIRECTION('center_axis',(0.,0.,1.));
#2160=DIRECTION('ref_axis',(-2.77499975618505E-9,-1.,0.));
#2161=DIRECTION('center_axis',(0.,0.,1.));
#2162=DIRECTION('ref_axis',(-2.77499975618505E-9,-1.,0.));
#2163=DIRECTION('center_axis',(0.,0.,-1.));
#2164=DIRECTION('ref_axis',(-2.77499975618505E-9,-1.,0.));
#2165=DIRECTION('center_axis',(0.,0.,-1.));
#2166=DIRECTION('ref_axis',(1.,0.,0.));
#2167=DIRECTION('center_axis',(0.,0.,-1.));
#2168=DIRECTION('ref_axis',(2.95680674198029E-12,1.,0.));
#2169=DIRECTION('',(1.61682610703821E-8,1.,0.));
#2170=DIRECTION('center_axis',(0.,0.,-1.));
#2171=DIRECTION('ref_axis',(-1.,1.7310033535977E-9,0.));
#2172=DIRECTION('',(-1.,-4.28289365643693E-9,0.));
#2173=DIRECTION('',(-4.31720143215878E-9,-1.,0.));
#2174=DIRECTION('',(1.,3.32051679494168E-12,0.));
#2175=DIRECTION('center_axis',(0.,0.,-1.));
#2176=DIRECTION('ref_axis',(1.,0.,0.));
#2177=DIRECTION('center_axis',(0.,0.,1.));
#2178=DIRECTION('ref_axis',(2.95680674198029E-12,1.,0.));
#2179=DIRECTION('',(-1.,-3.32051679494168E-12,0.));
#2180=DIRECTION('',(4.31720143215878E-9,1.,0.));
#2181=DIRECTION('',(1.,4.28289365643693E-9,0.));
#2182=DIRECTION('center_axis',(0.,0.,1.));
#2183=DIRECTION('ref_axis',(-1.,1.7310033535977E-9,0.));
#2184=DIRECTION('',(-1.61682610703821E-8,-1.,0.));
#2185=DIRECTION('center_axis',(1.,-4.31720143215878E-9,0.));
#2186=DIRECTION('ref_axis',(-4.31720143215878E-9,-1.,0.));
#2187=DIRECTION('',(0.,0.,-1.));
#2188=DIRECTION('',(-4.31720143215878E-9,-1.,0.));
#2189=DIRECTION('',(0.,0.,-1.));
#2190=DIRECTION('center_axis',(4.28289365643693E-9,-1.,0.));
#2191=DIRECTION('ref_axis',(-1.,-4.28289365643693E-9,0.));
#2192=DIRECTION('',(-1.,-4.28289365643693E-9,0.));
#2193=DIRECTION('',(0.,0.,-1.));
#2194=DIRECTION('center_axis',(4.28289365643693E-9,-1.,0.));
#2195=DIRECTION('ref_axis',(-1.,-4.28289365643693E-9,0.));
#2196=DIRECTION('',(0.,0.,-1.));
#2197=DIRECTION('',(-1.,-4.28289365643693E-9,0.));
#2198=DIRECTION('',(0.,0.,-1.));
#2199=DIRECTION('center_axis',(-3.32051679494168E-12,1.,0.));
#2200=DIRECTION('ref_axis',(1.,3.32051679494168E-12,0.));
#2201=DIRECTION('',(0.,0.,-1.));
#2202=DIRECTION('',(1.,3.32051679494168E-12,0.));
#2203=DIRECTION('',(0.,0.,-1.));
#2204=DIRECTION('center_axis',(-3.32051679494168E-12,1.,0.));
#2205=DIRECTION('ref_axis',(1.,3.32051679494168E-12,0.));
#2206=DIRECTION('',(0.,0.,-1.));
#2207=DIRECTION('',(1.,3.32051679494168E-12,0.));
#2208=DIRECTION('center_axis',(0.,0.,-1.));
#2209=DIRECTION('ref_axis',(-1.,1.7310033535977E-9,0.));
#2210=DIRECTION('center_axis',(0.,0.,-1.));
#2211=DIRECTION('ref_axis',(-1.,1.7310033535977E-9,0.));
#2212=DIRECTION('',(0.,0.,-1.));
#2213=DIRECTION('center_axis',(0.,0.,-1.));
#2214=DIRECTION('ref_axis',(-1.,1.7310033535977E-9,0.));
#2215=DIRECTION('',(0.,0.,-1.));
#2216=DIRECTION('center_axis',(0.,0.,-1.));
#2217=DIRECTION('ref_axis',(3.69782959759283E-12,-1.,0.));
#2218=DIRECTION('center_axis',(0.,0.,-1.));
#2219=DIRECTION('ref_axis',(2.95680674198029E-12,1.,0.));
#2220=DIRECTION('center_axis',(0.,0.,-1.));
#2221=DIRECTION('ref_axis',(-1.,4.44380632849112E-15,0.));
#2222=DIRECTION('',(0.,0.,-1.));
#2223=DIRECTION('center_axis',(0.,0.,-1.));
#2224=DIRECTION('ref_axis',(2.95680674198029E-12,1.,0.));
#2225=DIRECTION('',(0.,0.,-1.));
#2226=DIRECTION('center_axis',(0.,0.,-1.));
#2227=DIRECTION('ref_axis',(2.95680674198029E-12,1.,0.));
#2228=DIRECTION('center_axis',(-1.,1.61682610703821E-8,0.));
#2229=DIRECTION('ref_axis',(1.61682610703821E-8,1.,0.));
#2230=DIRECTION('',(1.61682610703821E-8,1.,0.));
#2231=DIRECTION('center_axis',(-1.,1.61682610703821E-8,0.));
#2232=DIRECTION('ref_axis',(1.61682610703821E-8,1.,0.));
#2233=DIRECTION('',(1.6168260508244E-8,1.,0.));
#2234=DIRECTION('center_axis',(0.,0.,1.));
#2235=DIRECTION('ref_axis',(-1.,0.,0.));
#2236=DIRECTION('center_axis',(0.,0.,1.));
#2237=DIRECTION('ref_axis',(-1.,0.,0.));
#2238=DIRECTION('',(-0.707106781186548,-8.65956056235493E-17,-0.707106781186548));
#2239=DIRECTION('center_axis',(0.,0.,-1.));
#2240=DIRECTION('ref_axis',(-1.,0.,0.));
#2241=DIRECTION('center_axis',(0.,0.,1.));
#2242=DIRECTION('ref_axis',(1.,0.,0.));
#2243=DIRECTION('center_axis',(0.,0.,-1.));
#2244=DIRECTION('ref_axis',(0.707106781186546,0.707106781186549,0.));
#2245=DIRECTION('',(1.,0.,0.));
#2246=DIRECTION('',(0.718899089450162,-0.695114450423618,0.));
#2247=DIRECTION('',(-1.,0.,0.));
#2248=DIRECTION('',(0.718899089450162,0.695114450423618,0.));
#2249=DIRECTION('',(1.,0.,0.));
#2250=DIRECTION('center_axis',(0.,0.,-1.));
#2251=DIRECTION('ref_axis',(-0.707106781186546,0.707106781186549,0.));
#2252=DIRECTION('',(0.,1.,0.));
#2253=DIRECTION('center_axis',(0.,0.,-1.));
#2254=DIRECTION('ref_axis',(-0.707106781186546,-0.707106781186549,0.));
#2255=DIRECTION('',(-1.,0.,0.));
#2256=DIRECTION('',(0.718899089450162,-0.695114450423618,0.));
#2257=DIRECTION('',(1.,0.,0.));
#2258=DIRECTION('',(0.718899089450162,0.695114450423618,0.));
#2259=DIRECTION('',(-1.,0.,0.));
#2260=DIRECTION('center_axis',(0.,0.,-1.));
#2261=DIRECTION('ref_axis',(0.707106781186546,-0.707106781186549,0.));
#2262=DIRECTION('',(0.,-1.,0.));
#2263=DIRECTION('center_axis',(0.,0.,1.));
#2264=DIRECTION('ref_axis',(-1.,0.,0.));
#2265=DIRECTION('center_axis',(0.,0.,-1.));
#2266=DIRECTION('ref_axis',(3.69993926291992E-12,1.,0.));
#2267=DIRECTION('',(1.,-3.69945621344026E-12,0.));
#2268=DIRECTION('',(-4.31720115129708E-9,-1.,0.));
#2269=DIRECTION('',(-1.,3.8321153654819E-9,0.));
#2270=DIRECTION('center_axis',(0.,0.,-1.));
#2271=DIRECTION('ref_axis',(-1.,2.8190527956788E-8,0.));
#2272=DIRECTION('',(-2.66073137303371E-8,1.,0.));
#2273=DIRECTION('center_axis',(0.,0.,-1.));
#2274=DIRECTION('ref_axis',(-1.,0.,0.));
#2275=DIRECTION('',(0.,0.,-1.));
#2276=DIRECTION('center_axis',(0.,0.,1.));
#2277=DIRECTION('ref_axis',(-1.,0.,0.));
#2278=DIRECTION('center_axis',(0.,0.,1.));
#2279=DIRECTION('ref_axis',(-1.,0.,0.));
#2280=DIRECTION('',(-0.707106781186548,-8.65956056235493E-17,-0.707106781186548));
#2281=DIRECTION('center_axis',(0.,0.,-1.));
#2282=DIRECTION('ref_axis',(-1.,0.,0.));
#2283=DIRECTION('center_axis',(0.,0.,-1.));
#2284=DIRECTION('ref_axis',(-1.,0.,0.));
#2285=DIRECTION('',(0.,0.,-1.));
#2286=DIRECTION('center_axis',(0.,0.,1.));
#2287=DIRECTION('ref_axis',(-1.,0.,0.));
#2288=DIRECTION('center_axis',(0.,0.,-1.));
#2289=DIRECTION('ref_axis',(0.707106781186546,0.707106781186549,0.));
#2290=DIRECTION('center_axis',(0.,0.,1.));
#2291=DIRECTION('ref_axis',(0.707106781186546,0.707106781186549,0.));
#2292=DIRECTION('',(0.,0.,1.));
#2293=DIRECTION('',(0.,0.,-1.));
#2294=DIRECTION('center_axis',(1.,0.,0.));
#2295=DIRECTION('ref_axis',(0.,-1.,0.));
#2296=DIRECTION('',(0.,0.,1.));
#2297=DIRECTION('',(0.,-1.,0.));
#2298=DIRECTION('center_axis',(0.,0.,-1.));
#2299=DIRECTION('ref_axis',(0.707106781186546,-0.707106781186549,0.));
#2300=DIRECTION('center_axis',(0.,0.,1.));
#2301=DIRECTION('ref_axis',(0.707106781186546,-0.707106781186549,0.));
#2302=DIRECTION('',(0.,0.,-1.));
#2303=DIRECTION('center_axis',(0.,-1.,0.));
#2304=DIRECTION('ref_axis',(-1.,0.,0.));
#2305=DIRECTION('',(0.,0.,-1.));
#2306=DIRECTION('',(-1.,0.,0.));
#2307=DIRECTION('center_axis',(0.,0.,-1.));
#2308=DIRECTION('ref_axis',(-0.707106781186546,-0.707106781186549,0.));
#2309=DIRECTION('center_axis',(0.,0.,1.));
#2310=DIRECTION('ref_axis',(-0.707106781186546,-0.707106781186549,0.));
#2311=DIRECTION('',(0.,0.,1.));
#2312=DIRECTION('',(0.,0.,-1.));
#2313=DIRECTION('center_axis',(-1.,0.,0.));
#2314=DIRECTION('ref_axis',(0.,1.,0.));
#2315=DIRECTION('',(0.,0.,1.));
#2316=DIRECTION('',(0.,1.,0.));
#2317=DIRECTION('center_axis',(0.,0.,-1.));
#2318=DIRECTION('ref_axis',(-0.707106781186546,0.707106781186549,0.));
#2319=DIRECTION('center_axis',(0.,0.,1.));
#2320=DIRECTION('ref_axis',(-0.707106781186546,0.707106781186549,0.));
#2321=DIRECTION('',(0.,0.,-1.));
#2322=DIRECTION('center_axis',(0.,-1.,0.));
#2323=DIRECTION('ref_axis',(-1.,0.,0.));
#2324=DIRECTION('',(0.,0.,-1.));
#2325=DIRECTION('',(-1.,0.,0.));
#2326=DIRECTION('',(0.,0.,-1.));
#2327=DIRECTION('center_axis',(0.695114450423618,-0.718899089450162,0.));
#2328=DIRECTION('ref_axis',(-0.718899089450162,-0.695114450423618,0.));
#2329=DIRECTION('',(-0.718899089450162,-0.695114450423618,0.));
#2330=DIRECTION('center_axis',(0.,1.,0.));
#2331=DIRECTION('ref_axis',(1.,0.,0.));
#2332=DIRECTION('',(1.,0.,0.));
#2333=DIRECTION('',(0.,0.,-1.));
#2334=DIRECTION('center_axis',(0.695114450423618,0.718899089450162,0.));
#2335=DIRECTION('ref_axis',(0.718899089450162,-0.695114450423618,0.));
#2336=DIRECTION('',(0.718899089450162,-0.695114450423618,0.));
#2337=DIRECTION('',(0.,0.,-1.));
#2338=DIRECTION('center_axis',(0.,1.,0.));
#2339=DIRECTION('ref_axis',(1.,0.,0.));
#2340=DIRECTION('',(1.,0.,0.));
#2341=DIRECTION('',(0.,0.,-1.));
#2342=DIRECTION('center_axis',(-0.695114450423618,0.718899089450162,0.));
#2343=DIRECTION('ref_axis',(0.718899089450162,0.695114450423618,0.));
#2344=DIRECTION('',(0.718899089450162,0.695114450423618,0.));
#2345=DIRECTION('',(0.,0.,-1.));
#2346=DIRECTION('center_axis',(0.,1.,0.));
#2347=DIRECTION('ref_axis',(1.,0.,0.));
#2348=DIRECTION('',(1.,0.,0.));
#2349=DIRECTION('center_axis',(0.,-1.,0.));
#2350=DIRECTION('ref_axis',(-1.,0.,0.));
#2351=DIRECTION('',(-1.,0.,0.));
#2352=DIRECTION('',(0.,0.,-1.));
#2353=DIRECTION('center_axis',(-0.695114450423618,-0.718899089450162,0.));
#2354=DIRECTION('ref_axis',(-0.718899089450162,0.695114450423618,0.));
#2355=DIRECTION('',(-0.718899089450162,0.695114450423618,0.));
#2356=DIRECTION('center_axis',(0.,0.,1.));
#2357=DIRECTION('ref_axis',(-1.,0.,0.));
#2358=DIRECTION('center_axis',(0.,0.,-1.));
#2359=DIRECTION('ref_axis',(1.,0.,0.));
#2360=DIRECTION('',(-1.,3.69945621344026E-12,0.));
#2361=DIRECTION('center_axis',(0.,0.,1.));
#2362=DIRECTION('ref_axis',(3.69993926291992E-12,1.,0.));
#2363=DIRECTION('',(2.66073137303371E-8,-1.,0.));
#2364=DIRECTION('center_axis',(0.,0.,1.));
#2365=DIRECTION('ref_axis',(-1.,2.8190527956788E-8,0.));
#2366=DIRECTION('',(1.,-3.8321153654819E-9,0.));
#2367=DIRECTION('',(4.31720115129708E-9,1.,0.));
#2368=DIRECTION('',(-8.09537622122509E-15,-1.,0.));
#2369=DIRECTION('',(-1.,4.62592926927144E-16,0.));
#2370=DIRECTION('center_axis',(0.,0.,-1.));
#2371=DIRECTION('ref_axis',(7.8569629435011E-15,1.,0.));
#2372=DIRECTION('',(1.,-2.10468819834153E-16,0.));
#2373=DIRECTION('',(-8.02776648575113E-15,-1.,0.));
#2374=DIRECTION('',(-1.,9.65411325761006E-17,0.));
#2375=DIRECTION('',(8.09537622122509E-15,1.,0.));
#2376=DIRECTION('',(-1.,2.31296463463574E-16,0.));
#2377=DIRECTION('center_axis',(0.,0.,-1.));
#2378=DIRECTION('ref_axis',(1.,0.,0.));
#2379=DIRECTION('',(-4.31720143215878E-9,-1.,0.));
#2380=DIRECTION('center_axis',(1.,-4.31720143215878E-9,0.));
#2381=DIRECTION('ref_axis',(-4.31720143215878E-9,-1.,0.));
#2382=DIRECTION('center_axis',(-3.69945621344026E-12,-1.,0.));
#2383=DIRECTION('ref_axis',(-1.,3.69945621344026E-12,0.));
#2384=DIRECTION('',(0.,0.,-1.));
#2385=DIRECTION('',(0.,0.,-1.));
#2386=DIRECTION('center_axis',(-1.,4.31720115129708E-9,0.));
#2387=DIRECTION('ref_axis',(4.31720115129708E-9,1.,0.));
#2388=DIRECTION('',(0.,0.,-1.));
#2389=DIRECTION('center_axis',(3.8321153654819E-9,1.,0.));
#2390=DIRECTION('ref_axis',(1.,-3.8321153654819E-9,0.));
#2391=DIRECTION('',(0.,0.,-1.));
#2392=DIRECTION('center_axis',(0.,0.,-1.));
#2393=DIRECTION('ref_axis',(-1.,2.8190527956788E-8,0.));
#2394=DIRECTION('',(0.,0.,-1.));
#2395=DIRECTION('center_axis',(1.,2.66073137303371E-8,0.));
#2396=DIRECTION('ref_axis',(2.66073137303371E-8,-1.,0.));
#2397=DIRECTION('',(0.,0.,-1.));
#2398=DIRECTION('center_axis',(0.,0.,-1.));
#2399=DIRECTION('ref_axis',(3.69993926291992E-12,1.,0.));
#2400=DIRECTION('center_axis',(1.,-8.09537622122509E-15,0.));
#2401=DIRECTION('ref_axis',(-8.09537622122509E-15,-1.,0.));
#2402=DIRECTION('',(0.,0.,-1.));
#2403=DIRECTION('',(0.,0.,-1.));
#2404=DIRECTION('center_axis',(-2.31296463463574E-16,-1.,0.));
#2405=DIRECTION('ref_axis',(-1.,2.31296463463574E-16,0.));
#2406=DIRECTION('',(0.,0.,-1.));
#2407=DIRECTION('center_axis',(-1.,8.09537622122509E-15,0.));
#2408=DIRECTION('ref_axis',(8.09537622122509E-15,1.,0.));
#2409=DIRECTION('',(0.,0.,-1.));
#2410=DIRECTION('center_axis',(-9.65411325761006E-17,-1.,0.));
#2411=DIRECTION('ref_axis',(-1.,9.65411325761006E-17,0.));
#2412=DIRECTION('',(0.,0.,-1.));
#2413=DIRECTION('center_axis',(1.,-8.02776648575113E-15,0.));
#2414=DIRECTION('ref_axis',(-8.02776648575113E-15,-1.,0.));
#2415=DIRECTION('',(0.,0.,-1.));
#2416=DIRECTION('center_axis',(2.10468819834153E-16,1.,0.));
#2417=DIRECTION('ref_axis',(1.,-2.10468819834153E-16,0.));
#2418=DIRECTION('',(0.,0.,-1.));
#2419=DIRECTION('center_axis',(0.,0.,-1.));
#2420=DIRECTION('ref_axis',(7.8569629435011E-15,1.,0.));
#2421=DIRECTION('',(0.,0.,-1.));
#2422=DIRECTION('center_axis',(-4.62592926927144E-16,-1.,0.));
#2423=DIRECTION('ref_axis',(-1.,4.62592926927144E-16,0.));
#2424=DIRECTION('',(0.,0.,1.));
#2425=DIRECTION('',(1.,0.,0.));
#2426=DIRECTION('',(0.,0.,1.));
#2427=DIRECTION('',(1.,0.,0.));
#2428=DIRECTION('center_axis',(0.,0.,1.));
#2429=DIRECTION('ref_axis',(1.,0.,0.));
#2430=CARTESIAN_POINT('',(0.,0.,0.));
#2431=CARTESIAN_POINT('',(0.,0.,0.));
#2432=CARTESIAN_POINT('',(0.,0.,0.));
#2433=CARTESIAN_POINT('Origin',(3.6,0.,2.5));
#2434=CARTESIAN_POINT('',(5.75,1.84837346458097E-16,2.5));
#2435=CARTESIAN_POINT('Origin',(3.6,-7.84617153585836E-17,2.5));
#2436=CARTESIAN_POINT('',(5.35,1.35851474492203E-16,2.5));
#2437=CARTESIAN_POINT('Origin',(3.6,-7.84617153585836E-17,2.5));
#2438=CARTESIAN_POINT('Origin',(3.6,-7.84617153585836E-17,-8.15));
#2439=CARTESIAN_POINT('',(5.35,1.35851474492203E-16,-8.15));
#2440=CARTESIAN_POINT('',(1.85,-2.9277490520937E-16,-8.15));
#2441=CARTESIAN_POINT('Origin',(3.6,-7.84617153585836E-17,-8.15));
#2442=CARTESIAN_POINT('',(3.6,-7.84617153585836E-17,-9.9));
#2443=CARTESIAN_POINT('Origin',(3.6,-7.84617153585836E-17,-8.15));
#2444=CARTESIAN_POINT('Origin',(3.6,-7.84617153585836E-17,-8.15));
#2445=CARTESIAN_POINT('Origin',(3.6,-7.84617153585836E-17,-0.9));
#2446=CARTESIAN_POINT('',(5.35,-2.9277490520937E-16,-0.9));
#2447=CARTESIAN_POINT('Origin',(3.6,-7.84617153585836E-17,-14.65));
#2448=CARTESIAN_POINT('',(3.6,-1.75,-14.65));
#2449=CARTESIAN_POINT('',(3.6,-1.73205080756888,-14.4));
#2450=CARTESIAN_POINT('Origin',(3.6,-7.84617153585836E-17,-14.65));
#2451=CARTESIAN_POINT('',(1.85,-2.9277490520937E-16,-14.65));
#2452=CARTESIAN_POINT('Origin',(3.6,-7.84617153585836E-17,-14.65));
#2453=CARTESIAN_POINT('',(3.6,-7.84617153585836E-17,-12.9));
#2454=CARTESIAN_POINT('Origin',(3.6,-7.84617153585836E-17,-14.65));
#2455=CARTESIAN_POINT('',(3.6,1.75,-14.65));
#2456=CARTESIAN_POINT('Origin',(3.6,-7.84617153585836E-17,-14.65));
#2457=CARTESIAN_POINT('',(3.6,1.73205080756888,-14.4));
#2458=CARTESIAN_POINT('Origin',(3.6,-7.84617153585836E-17,-14.65));
#2459=CARTESIAN_POINT('Origin',(3.6,-7.84617153585836E-17,-14.4));
#2460=CARTESIAN_POINT('Origin',(3.6,-7.84617153585836E-17,-0.9));
#2461=CARTESIAN_POINT('',(3.6,-1.75,-17.3));
#2462=CARTESIAN_POINT('',(3.6,-1.75,-0.900000000000001));
#2463=CARTESIAN_POINT('',(3.6,1.75,-17.3));
#2464=CARTESIAN_POINT('Origin',(3.6,-7.84617153585836E-17,-17.3));
#2465=CARTESIAN_POINT('',(3.6,1.75,-0.900000000000001));
#2466=CARTESIAN_POINT('Origin',(3.6,-1.75,-17.3));
#2467=CARTESIAN_POINT('',(3.6,-2.15,-17.3));
#2468=CARTESIAN_POINT('',(3.6,-0.875,-17.3));
#2469=CARTESIAN_POINT('',(3.6,-2.15,-14.4));
#2470=CARTESIAN_POINT('',(3.6,-2.15,-14.4));
#2471=CARTESIAN_POINT('',(3.6,-2.15,-0.900000000000001));
#2472=CARTESIAN_POINT('Origin',(3.6,2.15,-17.3));
#2473=CARTESIAN_POINT('',(3.6,2.15,-17.3));
#2474=CARTESIAN_POINT('',(3.6,1.075,-17.3));
#2475=CARTESIAN_POINT('',(3.6,2.15,-14.4));
#2476=CARTESIAN_POINT('',(3.6,2.15,-0.900000000000001));
#2477=CARTESIAN_POINT('',(3.6,1.075,-14.4));
#2478=CARTESIAN_POINT('Origin',(4.675,0.,-14.4));
#2479=CARTESIAN_POINT('',(5.75,-3.41760777175264E-16,-14.4));
#2480=CARTESIAN_POINT('Origin',(3.6,-7.84617153585836E-17,-14.4));
#2481=CARTESIAN_POINT('Origin',(3.6,-7.84617153585836E-17,-14.4));
#2482=CARTESIAN_POINT('Origin',(3.6,-7.84617153585836E-17,-0.9));
#2483=CARTESIAN_POINT('',(5.75,-3.41760777175265E-16,-0.9));
#2484=CARTESIAN_POINT('Origin',(3.6,-7.84617153585836E-17,-17.3));
#2485=CARTESIAN_POINT('Origin',(3.6,0.,-17.3));
#2486=CARTESIAN_POINT('Origin',(-3.6,2.77555756156289E-16,2.5));
#2487=CARTESIAN_POINT('',(-1.45,6.17174662043675E-16,2.5));
#2488=CARTESIAN_POINT('Origin',(-3.6,3.53875600226994E-16,2.5));
#2489=CARTESIAN_POINT('',(-1.85,5.68188790077781E-16,2.5));
#2490=CARTESIAN_POINT('Origin',(-3.6,3.53875600226994E-16,2.5));
#2491=CARTESIAN_POINT('Origin',(-3.6,3.53875600226994E-16,-8.15));
#2492=CARTESIAN_POINT('',(-1.85,5.68188790077781E-16,-8.15));
#2493=CARTESIAN_POINT('',(-5.35,1.39562410376207E-16,-8.15));
#2494=CARTESIAN_POINT('Origin',(-3.6,3.53875600226994E-16,-8.15));
#2495=CARTESIAN_POINT('',(-3.6,3.53875600226994E-16,-9.9));
#2496=CARTESIAN_POINT('Origin',(-3.6,3.53875600226994E-16,-8.15));
#2497=CARTESIAN_POINT('Origin',(-3.6,3.53875600226994E-16,-8.15));
#2498=CARTESIAN_POINT('Origin',(-3.6,3.53875600226994E-16,-0.9));
#2499=CARTESIAN_POINT('',(-1.85,1.39562410376207E-16,-0.9));
#2500=CARTESIAN_POINT('Origin',(-3.6,3.53875600226994E-16,-14.65));
#2501=CARTESIAN_POINT('',(-3.6,1.75,-14.65));
#2502=CARTESIAN_POINT('',(-3.6,1.73205080756888,-14.4));
#2503=CARTESIAN_POINT('Origin',(-3.6,3.53875600226994E-16,-14.65));
#2504=CARTESIAN_POINT('',(-3.6,-1.75,-14.65));
#2505=CARTESIAN_POINT('Origin',(-3.6,3.53875600226994E-16,-14.65));
#2506=CARTESIAN_POINT('',(-3.6,-1.73205080756888,-14.4));
#2507=CARTESIAN_POINT('Origin',(-3.6,3.53875600226994E-16,-14.65));
#2508=CARTESIAN_POINT('',(-5.33205080756888,1.41760552482012E-16,-14.4));
#2509=CARTESIAN_POINT('Origin',(-3.6,3.53875600226994E-16,-14.4));
#2510=CARTESIAN_POINT('',(-3.6,3.53875600226994E-16,-12.9));
#2511=CARTESIAN_POINT('Origin',(-3.6,3.53875600226994E-16,-14.65));
#2512=CARTESIAN_POINT('Origin',(-3.6,3.53875600226994E-16,-14.4));
#2513=CARTESIAN_POINT('Origin',(-3.6,3.53875600226994E-16,-0.9));
#2514=CARTESIAN_POINT('',(-3.6,1.75,-17.3));
#2515=CARTESIAN_POINT('',(-3.6,1.75,-0.900000000000001));
#2516=CARTESIAN_POINT('',(-3.6,-1.75,-17.3));
#2517=CARTESIAN_POINT('Origin',(-3.6,3.53875600226994E-16,-17.3));
#2518=CARTESIAN_POINT('',(-3.6,-1.75,-0.900000000000001));
#2519=CARTESIAN_POINT('Origin',(-3.6,1.75,-17.3));
#2520=CARTESIAN_POINT('',(-3.6,2.15,-17.3));
#2521=CARTESIAN_POINT('',(-3.6,0.875,-17.3));
#2522=CARTESIAN_POINT('',(-3.6,2.15,-14.4));
#2523=CARTESIAN_POINT('',(-3.6,-2.15,-14.4));
#2524=CARTESIAN_POINT('',(-3.6,2.15,-0.900000000000001));
#2525=CARTESIAN_POINT('Origin',(-3.6,-2.15,-17.3));
#2526=CARTESIAN_POINT('',(-3.6,-2.15,-17.3));
#2527=CARTESIAN_POINT('',(-3.6,-1.075,-17.3));
#2528=CARTESIAN_POINT('',(-3.6,-2.15,-14.4));
#2529=CARTESIAN_POINT('',(-3.6,-2.15,-0.900000000000001));
#2530=CARTESIAN_POINT('',(-3.6,-1.075,-14.4));
#2531=CARTESIAN_POINT('Origin',(-4.675,2.77555756156289E-16,-14.4));
#2532=CARTESIAN_POINT('Origin',(-3.6,3.53875600226994E-16,-14.4));
#2533=CARTESIAN_POINT('Origin',(-3.6,2.77555756156289E-16,-17.3));
#2534=CARTESIAN_POINT('',(-1.45,9.05765384103131E-17,-17.3));
#2535=CARTESIAN_POINT('Origin',(-3.6,3.53875600226994E-16,-17.3));
#2536=CARTESIAN_POINT('Origin',(-3.6,3.53875600226994E-16,-17.3));
#2537=CARTESIAN_POINT('Origin',(-3.6,3.53875600226994E-16,-0.9));
#2538=CARTESIAN_POINT('',(-1.45,9.05765384103131E-17,-0.9));
#2539=CARTESIAN_POINT('',(-0.0500000000000012,-2.22044604925031E-15,-2.6));
#2540=CARTESIAN_POINT('',(0.,0.,0.));
#2541=CARTESIAN_POINT('Origin',(-3.65,3.90754916570919E-16,-0.05));
#2542=CARTESIAN_POINT('',(-5.9,1.15209386762764E-16,0.));
#2543=CARTESIAN_POINT('Origin',(-3.65,3.90754916570919E-16,0.));
#2544=CARTESIAN_POINT('',(-5.8,6.540539783876E-16,-0.1));
#2545=CARTESIAN_POINT('',(-5.85,1.21332620758501E-16,-0.05));
#2546=CARTESIAN_POINT('Origin',(-3.65,3.90754916570919E-16,-0.1));
#2547=CARTESIAN_POINT('Origin',(9.99200722162641E-15,-5.55111512312578E-16,
0.));
#2548=CARTESIAN_POINT('',(-3.65000000000005,-3.25,0.));
#2549=CARTESIAN_POINT('',(-1.25000000000003,-3.25,0.));
#2550=CARTESIAN_POINT('',(-3.65000000000005,-3.25,0.));
#2551=CARTESIAN_POINT('',(-1.25000000000002,-2.05,0.));
#2552=CARTESIAN_POINT('',(-1.25000000000003,-3.25,0.));
#2553=CARTESIAN_POINT('',(1.14999999999998,-2.05,0.));
#2554=CARTESIAN_POINT('',(-1.25000000000002,-2.05,0.));
#2555=CARTESIAN_POINT('',(1.14999999999997,-3.25,0.));
#2556=CARTESIAN_POINT('',(1.14999999999998,-2.05,0.));
#2557=CARTESIAN_POINT('',(6.89999999999997,-3.25,0.));
#2558=CARTESIAN_POINT('',(1.14999999999997,-3.25,0.));
#2559=CARTESIAN_POINT('',(6.90000000000002,3.25,0.));
#2560=CARTESIAN_POINT('',(6.89999999999997,-3.25,0.));
#2561=CARTESIAN_POINT('',(-3.64999999999997,3.25,0.));
#2562=CARTESIAN_POINT('',(6.90000000000002,3.25,0.));
#2563=CARTESIAN_POINT('Origin',(-3.65,3.90754916570919E-16,0.));
#2564=CARTESIAN_POINT('',(1.3,-1.71600893985055E-15,0.));
#2565=CARTESIAN_POINT('Origin',(3.55,-1.44046341004239E-15,0.));
#2566=CARTESIAN_POINT('Origin',(-3.65,3.90754916570919E-16,0.));
#2567=CARTESIAN_POINT('',(-5.8,6.540539783876E-16,-14.5));
#2568=CARTESIAN_POINT('Origin',(-3.65,3.90754916570919E-16,-14.5));
#2569=CARTESIAN_POINT('',(-5.8,6.540539783876E-16,0.));
#2570=CARTESIAN_POINT('Origin',(3.55,-1.44046341004239E-15,-0.05));
#2571=CARTESIAN_POINT('',(1.4,-1.17716434822571E-15,-0.1));
#2572=CARTESIAN_POINT('',(1.35,-1.70988570585481E-15,-0.05));
#2573=CARTESIAN_POINT('Origin',(3.55,-1.44046341004239E-15,-0.1));
#2574=CARTESIAN_POINT('Origin',(3.55,-1.44046341004239E-15,0.));
#2575=CARTESIAN_POINT('',(1.4,-1.17716434822571E-15,-14.5));
#2576=CARTESIAN_POINT('Origin',(3.55,-1.44046341004239E-15,-14.5));
#2577=CARTESIAN_POINT('',(1.4,-1.17716434822571E-15,0.));
#2578=CARTESIAN_POINT('Origin',(-0.125,3.25,-15.5));
#2579=CARTESIAN_POINT('',(-0.125,3.25,-15.5));
#2580=CARTESIAN_POINT('',(-3.64999999999995,3.25,-15.5));
#2581=CARTESIAN_POINT('',(-0.087499947916367,3.25,-15.5));
#2582=CARTESIAN_POINT('',(-0.125,3.25,-14.5));
#2583=CARTESIAN_POINT('',(-0.125,3.25,-15.5));
#2584=CARTESIAN_POINT('',(-3.64999999999995,3.25,-14.5));
#2585=CARTESIAN_POINT('',(6.90000000000002,3.25,-14.5));
#2586=CARTESIAN_POINT('',(-3.64999999999995,3.25,-15.5));
#2587=CARTESIAN_POINT('Origin',(-0.125,-3.25,-15.5));
#2588=CARTESIAN_POINT('',(-0.125,-3.25,-15.5));
#2589=CARTESIAN_POINT('',(-0.125,-1.62500001595344,-15.5));
#2590=CARTESIAN_POINT('',(-0.125,-3.25,-14.5));
#2591=CARTESIAN_POINT('',(-0.125,-3.25,-15.5));
#2592=CARTESIAN_POINT('',(-0.125,3.25,-14.5));
#2593=CARTESIAN_POINT('Origin',(-3.65000000000005,-3.25,-15.5));
#2594=CARTESIAN_POINT('',(-3.65000000000005,-3.25,-15.5));
#2595=CARTESIAN_POINT('',(-1.84999994791639,-3.25,-15.5));
#2596=CARTESIAN_POINT('',(-3.65000000000005,-3.25,-14.5));
#2597=CARTESIAN_POINT('',(-3.65000000000005,-3.25,-15.5));
#2598=CARTESIAN_POINT('',(-1.25000000000003,-3.25,-14.5));
#2599=CARTESIAN_POINT('Origin',(-3.65,8.32667268468867E-16,-15.5));
#2600=CARTESIAN_POINT('Origin',(-3.65,8.32667268468867E-16,-15.5));
#2601=CARTESIAN_POINT('Origin',(-3.65,8.32667268468867E-16,-14.5));
#2602=CARTESIAN_POINT('Origin',(-3.5125,5.55111512312578E-16,-14.5));
#2603=CARTESIAN_POINT('Origin',(0.125,3.25,-15.5));
#2604=CARTESIAN_POINT('',(0.125,3.25,-15.5));
#2605=CARTESIAN_POINT('',(0.125,-3.25,-15.5));
#2606=CARTESIAN_POINT('',(0.125,1.62499998404656,-15.5));
#2607=CARTESIAN_POINT('',(0.125,3.25,-14.5));
#2608=CARTESIAN_POINT('',(0.125,3.25,-15.5));
#2609=CARTESIAN_POINT('',(0.125,-3.25,-14.5));
#2610=CARTESIAN_POINT('',(0.125,-3.25,-14.5));
#2611=CARTESIAN_POINT('',(0.125,-3.25,-15.5));
#2612=CARTESIAN_POINT('Origin',(6.90000000000002,3.25,-15.5));
#2613=CARTESIAN_POINT('',(6.90000000000002,3.25,-15.5));
#2614=CARTESIAN_POINT('',(3.42500005208364,3.25,-15.5));
#2615=CARTESIAN_POINT('',(6.90000000000002,3.25,-14.5));
#2616=CARTESIAN_POINT('',(6.90000000000002,3.25,-15.5));
#2617=CARTESIAN_POINT('',(6.90000000000002,3.25,-14.5));
#2618=CARTESIAN_POINT('Origin',(6.89999999999997,-3.25,-15.5));
#2619=CARTESIAN_POINT('',(6.89999999999997,-3.25,-15.5));
#2620=CARTESIAN_POINT('',(6.89999999999998,-1.62500001595347,-15.5));
#2621=CARTESIAN_POINT('',(6.89999999999997,-3.25,-14.5));
#2622=CARTESIAN_POINT('',(6.89999999999997,-3.25,-15.5));
#2623=CARTESIAN_POINT('',(6.89999999999997,-3.25,-14.5));
#2624=CARTESIAN_POINT('Origin',(0.125,-3.25,-15.5));
#2625=CARTESIAN_POINT('',(0.0375000520836321,-3.25,-15.5));
#2626=CARTESIAN_POINT('',(-1.25000000000003,-3.25,-14.5));
#2627=CARTESIAN_POINT('Origin',(3.51250000000001,-5.55111512312578E-16,
-14.5));
#2628=CARTESIAN_POINT('Origin',(8.01000000683913,-4.28500003057922,-12.));
#2629=CARTESIAN_POINT('',(-5.80000000641027,-4.28500008972598,-12.));
#2630=CARTESIAN_POINT('',(8.01000000683913,-4.28500003057922,-12.));
#2631=CARTESIAN_POINT('',(8.01000000683913,-4.28500003057922,-12.));
#2632=CARTESIAN_POINT('',(8.01000000683913,-4.28500003057922,-10.));
#2633=CARTESIAN_POINT('',(8.01000000683913,-4.28500003057922,-12.));
#2634=CARTESIAN_POINT('',(-5.80000000641027,-4.28500008972598,-10.));
#2635=CARTESIAN_POINT('',(8.01000000683913,-4.28500003057922,-10.));
#2636=CARTESIAN_POINT('',(-5.80000000641027,-4.28500008972598,-12.));
#2637=CARTESIAN_POINT('Origin',(8.01000004383755,4.28500002590724,-12.));
#2638=CARTESIAN_POINT('',(8.01000004383755,4.28500002590724,-12.));
#2639=CARTESIAN_POINT('',(8.01000004383755,4.28500002590724,-12.));
#2640=CARTESIAN_POINT('',(8.01000004383755,4.28500002590724,-10.));
#2641=CARTESIAN_POINT('',(8.01000004383755,4.28500002590724,-12.));
#2642=CARTESIAN_POINT('',(8.01000004383755,4.28500002590724,-10.));
#2643=CARTESIAN_POINT('Origin',(-5.79999999999316,4.28500002586138,-12.));
#2644=CARTESIAN_POINT('',(-5.79999999999316,4.28500002586138,-12.));
#2645=CARTESIAN_POINT('',(-5.79999999999316,4.28500002586138,-12.));
#2646=CARTESIAN_POINT('',(-5.79999999999316,4.28500002586138,-10.));
#2647=CARTESIAN_POINT('',(-5.79999999999316,4.28500002586138,-12.));
#2648=CARTESIAN_POINT('',(-5.79999999999316,4.28500002586138,-10.));
#2649=CARTESIAN_POINT('Origin',(-5.79999999999999,1.97500024774719,-12.));
#2650=CARTESIAN_POINT('',(-8.10999977811418,1.97500022349481,-12.));
#2651=CARTESIAN_POINT('Origin',(-5.79999999999999,1.97500024774719,-12.));
#2652=CARTESIAN_POINT('',(-8.10999977811418,1.97500022349481,-10.));
#2653=CARTESIAN_POINT('',(-8.10999977811418,1.97500022349481,-12.));
#2654=CARTESIAN_POINT('Origin',(-5.79999999999999,1.97500024774719,-10.));
#2655=CARTESIAN_POINT('Origin',(-8.10999984197882,-1.97500024374856,-12.));
#2656=CARTESIAN_POINT('',(-8.10999984197882,-1.97500024374856,-12.));
#2657=CARTESIAN_POINT('',(-8.10999984197882,-1.97500024374856,-12.));
#2658=CARTESIAN_POINT('',(-8.10999984197882,-1.97500024374856,-10.));
#2659=CARTESIAN_POINT('',(-8.10999984197882,-1.97500024374856,-12.));
#2660=CARTESIAN_POINT('',(-8.10999984197882,-1.97500024374856,-10.));
#2661=CARTESIAN_POINT('Origin',(-5.80000000000002,-1.97500024774718,-12.));
#2662=CARTESIAN_POINT('Origin',(-5.80000000000002,-1.97500024774718,-12.));
#2663=CARTESIAN_POINT('Origin',(-5.80000000000002,-1.97500024774718,-10.));
#2664=CARTESIAN_POINT('Origin',(-0.0499998958327352,-3.19068793608324E-8,
-12.));
#2665=CARTESIAN_POINT('',(-9.60999977811418,1.9750002477472,-12.));
#2666=CARTESIAN_POINT('',(-5.79999999998872,5.78500002586138,-12.));
#2667=CARTESIAN_POINT('Origin',(-5.79999999999998,1.97500024774719,-12.));
#2668=CARTESIAN_POINT('',(-9.60999984197882,-1.97500024115206,-12.));
#2669=CARTESIAN_POINT('',(-9.60999982601266,-0.98750005924518,-12.));
#2670=CARTESIAN_POINT('',(-5.79999999998592,-5.78500008972598,-12.));
#2671=CARTESIAN_POINT('Origin',(-5.80000000000002,-1.97500024774718,-12.));
#2672=CARTESIAN_POINT('',(9.51000000036333,-5.78500002415488,-12.));
#2673=CARTESIAN_POINT('',(4.73000006465357,-5.78500004462711,-12.));
#2674=CARTESIAN_POINT('',(9.51000005031335,5.78500002591222,-12.));
#2675=CARTESIAN_POINT('',(9.51000003782585,2.89249997636645,-12.));
#2676=CARTESIAN_POINT('',(-2.92499994792033,5.78500002587093,-12.));
#2677=CARTESIAN_POINT('Origin',(-0.0499998958327352,-3.19068793608324E-8,
-10.));
#2678=CARTESIAN_POINT('',(-5.79999999998872,5.78500002586138,-10.));
#2679=CARTESIAN_POINT('',(-9.60999977811418,1.97500024774721,-10.));
#2680=CARTESIAN_POINT('Origin',(-5.79999999999998,1.97500024774719,-10.));
#2681=CARTESIAN_POINT('',(9.51000005031335,5.78500002591222,-10.));
#2682=CARTESIAN_POINT('',(-2.92499994792033,5.78500002587093,-10.));
#2683=CARTESIAN_POINT('',(9.51000000036333,-5.78500002415488,-10.));
#2684=CARTESIAN_POINT('',(9.51000003782585,2.89249997636645,-10.));
#2685=CARTESIAN_POINT('',(-5.79999999998592,-5.78500008972598,-10.));
#2686=CARTESIAN_POINT('',(4.73000006465357,-5.78500004462711,-10.));
#2687=CARTESIAN_POINT('',(-9.60999984197882,-1.97500024115206,-10.));
#2688=CARTESIAN_POINT('Origin',(-5.80000000000002,-1.97500024774718,-10.));
#2689=CARTESIAN_POINT('',(-9.60999982601266,-0.98750005924518,-10.));
#2690=CARTESIAN_POINT('Origin',(9.51000005031335,5.78500002591222,0.));
#2691=CARTESIAN_POINT('',(9.51000005031335,5.78500002591222,-3.175));
#2692=CARTESIAN_POINT('',(9.51000005031335,5.78500002591222,0.));
#2693=CARTESIAN_POINT('',(9.51000000036333,-5.78500002415488,-3.175));
#2694=CARTESIAN_POINT('',(9.51000003782585,2.89249999242782,-3.175));
#2695=CARTESIAN_POINT('',(9.51000000036333,-5.78500002415488,0.));
#2696=CARTESIAN_POINT('Origin',(9.51000000036333,-5.78500002415488,0.));
#2697=CARTESIAN_POINT('',(-5.79999999998593,-5.78500008972598,-3.175));
#2698=CARTESIAN_POINT('',(4.75500001256994,-5.78500004452004,-3.175));
#2699=CARTESIAN_POINT('',(-5.79999999998593,-5.78500008972598,0.));
#2700=CARTESIAN_POINT('Origin',(9.51000000036333,-5.78500002415488,0.));
#2701=CARTESIAN_POINT('',(-5.79999999998593,-5.78500008972598,-15.5));
#2702=CARTESIAN_POINT('',(-5.79999999998593,-5.78500008972598,0.));
#2703=CARTESIAN_POINT('',(9.51000000036333,-5.78500002415488,-15.5));
#2704=CARTESIAN_POINT('',(-5.79999999998593,-5.78500008972598,-15.5));
#2705=CARTESIAN_POINT('',(9.51000000036333,-5.78500002415488,0.));
#2706=CARTESIAN_POINT('Origin',(-5.79999999998872,5.78500002586138,0.));
#2707=CARTESIAN_POINT('',(9.51000005031335,5.78500002591222,-15.5));
#2708=CARTESIAN_POINT('',(9.51000005031335,5.78500002591222,0.));
#2709=CARTESIAN_POINT('',(-5.79999999998872,5.78500002586138,-15.5));
#2710=CARTESIAN_POINT('',(9.51000005031335,5.78500002591222,-15.5));
#2711=CARTESIAN_POINT('',(-5.79999999998872,5.78500002586138,0.));
#2712=CARTESIAN_POINT('Origin',(-5.79999999998872,5.78500002586138,0.));
#2713=CARTESIAN_POINT('',(-5.79999999998872,5.78500002586138,-3.175));
#2714=CARTESIAN_POINT('',(-5.79999999998872,5.78500002586138,0.));
#2715=CARTESIAN_POINT('',(-2.90000000000396,5.78500002587101,-3.175));
#2716=CARTESIAN_POINT('Origin',(-5.80000000000002,-1.97500024774718,0.));
#2717=CARTESIAN_POINT('',(-9.60999984197882,-1.97500024115206,-3.175));
#2718=CARTESIAN_POINT('Origin',(-5.80000000000002,-1.97500024774718,-3.175));
#2719=CARTESIAN_POINT('',(-9.60999984197882,-1.97500024115206,0.));
#2720=CARTESIAN_POINT('Origin',(-5.80000000000002,-1.97500024774718,0.));
#2721=CARTESIAN_POINT('',(-9.60999984197882,-1.97500024115206,-15.5));
#2722=CARTESIAN_POINT('',(-9.60999984197882,-1.97500024115206,0.));
#2723=CARTESIAN_POINT('Origin',(-5.80000000000002,-1.97500024774718,-15.5));
#2724=CARTESIAN_POINT('Origin',(-5.79999999999998,1.97500024774719,0.));
#2725=CARTESIAN_POINT('',(-9.60999977811418,1.9750002477472,-15.5));
#2726=CARTESIAN_POINT('Origin',(-5.79999999999999,1.97500024774719,-15.5));
#2727=CARTESIAN_POINT('',(-9.60999977811418,1.9750002477472,-9.3));
#2728=CARTESIAN_POINT('Origin',(-5.79999999999998,1.97500024774719,0.));
#2729=CARTESIAN_POINT('',(-9.60999977811418,1.9750002477472,-3.175));
#2730=CARTESIAN_POINT('',(-9.60999977811418,1.9750002477472,-9.3));
#2731=CARTESIAN_POINT('Origin',(-5.79999999999998,1.97500024774719,-3.175));
#2732=CARTESIAN_POINT('Origin',(-9.60999984197882,-1.97500024115206,0.));
#2733=CARTESIAN_POINT('',(-9.60999982601266,-0.987500042887535,-3.175));
#2734=CARTESIAN_POINT('Origin',(-9.60999984197882,-1.97500024115206,0.));
#2735=CARTESIAN_POINT('',(-9.60999977811418,1.9750002477472,-15.5));
#2736=CARTESIAN_POINT('Origin',(-12.5,0.,-1.));
#2737=CARTESIAN_POINT('',(-8.94,4.35974260496458E-16,0.));
#2738=CARTESIAN_POINT('Origin',(-12.5,0.,0.));
#2739=CARTESIAN_POINT('',(-10.94,-1.91044900666987E-16,-2.));
#2740=CARTESIAN_POINT('',(-9.94,3.13509580581722E-16,-1.));
#2741=CARTESIAN_POINT('Origin',(-12.5,0.,-2.));
#2742=CARTESIAN_POINT('Origin',(-0.0499998967177617,-3.19075599275465E-8,
0.));
#2743=CARTESIAN_POINT('',(16.5,5.8,0.));
#2744=CARTESIAN_POINT('',(17.,5.3,0.));
#2745=CARTESIAN_POINT('Origin',(16.5,5.3,0.));
#2746=CARTESIAN_POINT('',(12.446,5.8,0.));
#2747=CARTESIAN_POINT('',(-17.,5.8,0.));
#2748=CARTESIAN_POINT('',(10.3,7.875,0.));
#2749=CARTESIAN_POINT('',(10.3,7.875,0.));
#2750=CARTESIAN_POINT('',(-10.3,7.875,0.));
#2751=CARTESIAN_POINT('',(17.,7.875,0.));
#2752=CARTESIAN_POINT('',(-12.446,5.8,0.));
#2753=CARTESIAN_POINT('',(-12.446,5.8,0.));
#2754=CARTESIAN_POINT('',(-16.5,5.8,0.));
#2755=CARTESIAN_POINT('',(-17.,5.8,0.));
#2756=CARTESIAN_POINT('',(-17.,5.3,0.));
#2757=CARTESIAN_POINT('Origin',(-16.5,5.3,0.));
#2758=CARTESIAN_POINT('',(-17.,-5.3,0.));
#2759=CARTESIAN_POINT('',(-17.,-5.8,0.));
#2760=CARTESIAN_POINT('',(-16.5,-5.8,0.));
#2761=CARTESIAN_POINT('Origin',(-16.5,-5.3,0.));
#2762=CARTESIAN_POINT('',(-12.446,-5.8,0.));
#2763=CARTESIAN_POINT('',(17.,-5.8,0.));
#2764=CARTESIAN_POINT('',(-10.3,-7.875,0.));
#2765=CARTESIAN_POINT('',(-12.446,-5.8,0.));
#2766=CARTESIAN_POINT('',(10.3,-7.875,0.));
#2767=CARTESIAN_POINT('',(-17.,-7.875,0.));
#2768=CARTESIAN_POINT('',(12.446,-5.8,0.));
#2769=CARTESIAN_POINT('',(10.3,-7.875,0.));
#2770=CARTESIAN_POINT('',(16.5,-5.8,0.));
#2771=CARTESIAN_POINT('',(17.,-5.8,0.));
#2772=CARTESIAN_POINT('',(17.,-5.3,0.));
#2773=CARTESIAN_POINT('Origin',(16.5,-5.3,0.));
#2774=CARTESIAN_POINT('',(17.,5.8,0.));
#2775=CARTESIAN_POINT('',(16.06,4.35974260496458E-16,0.));
#2776=CARTESIAN_POINT('Origin',(12.5,0.,0.));
#2777=CARTESIAN_POINT('',(-8.09999977811418,1.97500024774716,0.));
#2778=CARTESIAN_POINT('',(-5.79999999999147,4.27500002586138,0.));
#2779=CARTESIAN_POINT('Origin',(-5.79999999999998,1.97500024774718,0.));
#2780=CARTESIAN_POINT('',(7.99999995105205,4.27500002581033,0.));
#2781=CARTESIAN_POINT('',(-5.79999999999147,4.27500002586138,0.));
#2782=CARTESIAN_POINT('',(7.99999991413998,-4.27500002597886,0.));
#2783=CARTESIAN_POINT('',(7.99999995105205,4.27500002581033,0.));
#2784=CARTESIAN_POINT('',(-5.79999999999154,-4.27499992076244,0.));
#2785=CARTESIAN_POINT('',(7.99999991413998,-4.27500002597886,0.));
#2786=CARTESIAN_POINT('',(-8.09999967301528,-1.97500018290897,0.));
#2787=CARTESIAN_POINT('Origin',(-5.80000000000002,-1.97500024774718,0.));
#2788=CARTESIAN_POINT('',(-8.09999967301528,-1.97500018290897,0.));
#2789=CARTESIAN_POINT('Origin',(-12.5,0.,0.));
#2790=CARTESIAN_POINT('',(-10.94,1.91044900666987E-16,-3.175));
#2791=CARTESIAN_POINT('',(-10.94,-1.91044900666987E-16,0.));
#2792=CARTESIAN_POINT('Origin',(-12.5,0.,-3.175));
#2793=CARTESIAN_POINT('Origin',(12.5,0.,-1.));
#2794=CARTESIAN_POINT('',(14.06,-1.91044900666987E-16,-2.));
#2795=CARTESIAN_POINT('',(15.06,3.13509580581722E-16,-1.));
#2796=CARTESIAN_POINT('Origin',(12.5,0.,-2.));
#2797=CARTESIAN_POINT('Origin',(12.5,0.,0.));
#2798=CARTESIAN_POINT('',(14.06,1.91044900666987E-16,-3.175));
#2799=CARTESIAN_POINT('',(14.06,-1.91044900666987E-16,0.));
#2800=CARTESIAN_POINT('Origin',(12.5,0.,-3.175));
#2801=CARTESIAN_POINT('Origin',(16.5,5.3,0.));
#2802=CARTESIAN_POINT('',(17.,5.3,-3.175));
#2803=CARTESIAN_POINT('',(16.5,5.8,-3.175));
#2804=CARTESIAN_POINT('Origin',(16.5,5.3,-3.175));
#2805=CARTESIAN_POINT('',(16.5,5.8,0.));
#2806=CARTESIAN_POINT('',(17.,5.3,0.));
#2807=CARTESIAN_POINT('Origin',(17.,5.8,0.));
#2808=CARTESIAN_POINT('',(17.,-5.3,-3.175));
#2809=CARTESIAN_POINT('',(17.,-5.3,0.));
#2810=CARTESIAN_POINT('',(17.,5.8,-3.175));
#2811=CARTESIAN_POINT('Origin',(16.5,-5.3,0.));
#2812=CARTESIAN_POINT('',(16.5,-5.8,-3.175));
#2813=CARTESIAN_POINT('Origin',(16.5,-5.3,-3.175));
#2814=CARTESIAN_POINT('',(16.5,-5.8,0.));
#2815=CARTESIAN_POINT('Origin',(17.,-5.8,0.));
#2816=CARTESIAN_POINT('',(12.446,-5.8,-3.175));
#2817=CARTESIAN_POINT('',(12.446,-5.8,0.));
#2818=CARTESIAN_POINT('',(17.,-5.8,-3.175));
#2819=CARTESIAN_POINT('Origin',(-16.5,-5.3,0.));
#2820=CARTESIAN_POINT('',(-17.,-5.3,-3.175));
#2821=CARTESIAN_POINT('',(-16.5,-5.8,-3.175));
#2822=CARTESIAN_POINT('Origin',(-16.5,-5.3,-3.175));
#2823=CARTESIAN_POINT('',(-16.5,-5.8,0.));
#2824=CARTESIAN_POINT('',(-17.,-5.3,0.));
#2825=CARTESIAN_POINT('Origin',(-17.,-5.8,0.));
#2826=CARTESIAN_POINT('',(-17.,5.3,-3.175));
#2827=CARTESIAN_POINT('',(-17.,5.3,0.));
#2828=CARTESIAN_POINT('',(-17.,-5.8,-3.175));
#2829=CARTESIAN_POINT('Origin',(-16.5,5.3,0.));
#2830=CARTESIAN_POINT('',(-16.5,5.8,-3.175));
#2831=CARTESIAN_POINT('Origin',(-16.5,5.3,-3.175));
#2832=CARTESIAN_POINT('',(-16.5,5.8,0.));
#2833=CARTESIAN_POINT('Origin',(10.3,-7.875,0.));
#2834=CARTESIAN_POINT('',(-10.3,-7.875,-3.175));
#2835=CARTESIAN_POINT('',(-10.3,-7.875,0.));
#2836=CARTESIAN_POINT('',(10.3,-7.875,-3.175));
#2837=CARTESIAN_POINT('',(-17.,-7.875,-3.175));
#2838=CARTESIAN_POINT('',(10.3,-7.875,0.));
#2839=CARTESIAN_POINT('Origin',(12.446,-5.8,0.));
#2840=CARTESIAN_POINT('',(10.3,-7.875,-3.175));
#2841=CARTESIAN_POINT('Origin',(12.446,5.8,0.));
#2842=CARTESIAN_POINT('',(12.446,5.8,-3.175));
#2843=CARTESIAN_POINT('',(-17.,5.8,-3.175));
#2844=CARTESIAN_POINT('',(12.446,5.8,0.));
#2845=CARTESIAN_POINT('Origin',(10.3,7.875,0.));
#2846=CARTESIAN_POINT('',(10.3,7.875,-3.175));
#2847=CARTESIAN_POINT('',(10.3,7.875,-3.175));
#2848=CARTESIAN_POINT('',(10.3,7.875,0.));
#2849=CARTESIAN_POINT('Origin',(-10.3,7.875,0.));
#2850=CARTESIAN_POINT('',(-10.3,7.875,-3.175));
#2851=CARTESIAN_POINT('',(17.,7.875,-3.175));
#2852=CARTESIAN_POINT('',(-10.3,7.875,0.));
#2853=CARTESIAN_POINT('Origin',(-12.446,5.8,0.));
#2854=CARTESIAN_POINT('',(-12.446,5.8,-3.175));
#2855=CARTESIAN_POINT('',(-12.446,5.8,-3.175));
#2856=CARTESIAN_POINT('',(-12.446,5.8,0.));
#2857=CARTESIAN_POINT('Origin',(-17.,5.8,0.));
#2858=CARTESIAN_POINT('',(-17.,5.8,-3.175));
#2859=CARTESIAN_POINT('Origin',(-12.446,-5.8,0.));
#2860=CARTESIAN_POINT('',(-12.446,-5.8,-3.175));
#2861=CARTESIAN_POINT('',(17.,-5.8,-3.175));
#2862=CARTESIAN_POINT('',(-12.446,-5.8,0.));
#2863=CARTESIAN_POINT('Origin',(-10.3,-7.875,0.));
#2864=CARTESIAN_POINT('',(-12.446,-5.8,-3.175));
#2865=CARTESIAN_POINT('Origin',(0.,0.,-3.175));
#2866=CARTESIAN_POINT('Origin',(-0.0499998958327352,-3.19068804710554E-8,
-9.3));
#2867=CARTESIAN_POINT('',(7.99999995105205,4.27500002581033,-9.3));
#2868=CARTESIAN_POINT('',(-5.79999999999147,4.27500002586138,-9.3));
#2869=CARTESIAN_POINT('',(-5.79999999999147,4.27500002586138,-9.3));
#2870=CARTESIAN_POINT('',(-8.09999977811418,1.97500024774716,-9.3));
#2871=CARTESIAN_POINT('Origin',(-5.79999999999998,1.97500024774718,-9.3));
#2872=CARTESIAN_POINT('',(-8.09999967301528,-1.97500018290897,-9.3));
#2873=CARTESIAN_POINT('',(-8.09999967301528,-1.97500018290897,-9.3));
#2874=CARTESIAN_POINT('',(-5.79999999999154,-4.27499992076244,-9.3));
#2875=CARTESIAN_POINT('Origin',(-5.80000000000002,-1.97500024774718,-9.3));
#2876=CARTESIAN_POINT('',(7.99999991413998,-4.27500002597886,-9.3));
#2877=CARTESIAN_POINT('',(7.99999991413998,-4.27500002597886,-9.3));
#2878=CARTESIAN_POINT('',(7.99999995105205,4.27500002581033,-9.3));
#2879=CARTESIAN_POINT('',(-1.25000000000002,-2.05,-9.3));
#2880=CARTESIAN_POINT('',(-1.25000000000003,-3.25,-9.3));
#2881=CARTESIAN_POINT('',(-1.25000000000003,-3.25,-9.3));
#2882=CARTESIAN_POINT('',(-3.65000000000005,-3.25,-9.3));
#2883=CARTESIAN_POINT('',(-3.65000000000005,-3.25,-9.3));
#2884=CARTESIAN_POINT('',(-3.64999999999997,3.25,-9.3));
#2885=CARTESIAN_POINT('Origin',(-3.65,3.90754916570919E-16,-9.3));
#2886=CARTESIAN_POINT('',(6.90000000000002,3.25,-9.3));
#2887=CARTESIAN_POINT('',(6.90000000000002,3.25,-9.3));
#2888=CARTESIAN_POINT('',(6.89999999999997,-3.25,-9.3));
#2889=CARTESIAN_POINT('',(6.89999999999997,-3.25,-9.3));
#2890=CARTESIAN_POINT('',(1.14999999999997,-3.25,-9.3));
#2891=CARTESIAN_POINT('',(1.14999999999997,-3.25,-9.3));
#2892=CARTESIAN_POINT('',(1.14999999999998,-2.05,-9.3));
#2893=CARTESIAN_POINT('',(1.14999999999998,-2.05,-9.3));
#2894=CARTESIAN_POINT('',(-1.25000000000002,-2.05,-9.3));
#2895=CARTESIAN_POINT('Origin',(-0.0499998958327352,-3.19068804710554E-8,
-15.5));
#2896=CARTESIAN_POINT('',(9.51000000036333,-5.78500002415488,-15.5));
#2897=CARTESIAN_POINT('Origin',(9.51000005031335,5.78500002591222,0.));
#2898=CARTESIAN_POINT('Origin',(7.99999995105205,4.27500002581033,0.));
#2899=CARTESIAN_POINT('',(-5.79999999999147,4.27500002586138,0.));
#2900=CARTESIAN_POINT('',(7.99999995105205,4.27500002581033,0.));
#2901=CARTESIAN_POINT('Origin',(7.99999991413998,-4.27500002597886,0.));
#2902=CARTESIAN_POINT('',(7.99999991413998,-4.27500002597886,0.));
#2903=CARTESIAN_POINT('Origin',(-5.79999999999152,-4.27499997309566,0.));
#2904=CARTESIAN_POINT('',(-5.79999999999154,-4.27499992076244,0.));
#2905=CARTESIAN_POINT('Origin',(-5.80000000000002,-1.97500024774718,0.));
#2906=CARTESIAN_POINT('',(-8.09999967301528,-1.97500018290897,0.));
#2907=CARTESIAN_POINT('Origin',(-8.09999977811418,1.97500024774716,0.));
#2908=CARTESIAN_POINT('',(-8.09999977811418,1.97500024774716,0.));
#2909=CARTESIAN_POINT('Origin',(-5.79999999999998,1.97500024774718,0.));
#2910=CARTESIAN_POINT('Origin',(-1.25000000000002,-2.05,0.));
#2911=CARTESIAN_POINT('',(-1.25000000000003,-3.25,0.));
#2912=CARTESIAN_POINT('',(-1.25000000000002,-2.05,0.));
#2913=CARTESIAN_POINT('Origin',(1.14999999999998,-2.05,0.));
#2914=CARTESIAN_POINT('',(1.14999999999998,-2.05,0.));
#2915=CARTESIAN_POINT('Origin',(1.14999999999997,-3.25,0.));
#2916=CARTESIAN_POINT('',(1.14999999999997,-3.25,0.));
#2917=CARTESIAN_POINT('Origin',(6.89999999999997,-3.25,0.));
#2918=CARTESIAN_POINT('',(6.89999999999997,-3.25,0.));
#2919=CARTESIAN_POINT('Origin',(6.90000000000002,3.25,0.));
#2920=CARTESIAN_POINT('',(6.90000000000002,3.25,0.));
#2921=CARTESIAN_POINT('Origin',(-3.64999999999997,3.25,0.));
#2922=CARTESIAN_POINT('',(-3.64999999999997,3.25,0.));
#2923=CARTESIAN_POINT('Origin',(-3.65,3.90754916570919E-16,0.));
#2924=CARTESIAN_POINT('',(-3.65000000000005,-3.25,0.));
#2925=CARTESIAN_POINT('Origin',(-1.25000000000003,-3.25,0.));
#2926=CARTESIAN_POINT('',(0.,0.,0.));
#2927=CARTESIAN_POINT('',(0.,0.,0.));
#2928=CARTESIAN_POINT('Origin',(0.,0.,0.));
#2929=UNCERTAINTY_MEASURE_WITH_UNIT(LENGTH_MEASURE(0.01),#2939,
'DISTANCE_ACCURACY_VALUE',
'Maximum model space distance between geometric entities at asserted c
onnectivities');
#2930=UNCERTAINTY_MEASURE_WITH_UNIT(LENGTH_MEASURE(0.01),#2939,
'DISTANCE_ACCURACY_VALUE',
'Maximum model space distance between geometric entities at asserted c
onnectivities');
#2931=UNCERTAINTY_MEASURE_WITH_UNIT(LENGTH_MEASURE(0.01),#2939,
'DISTANCE_ACCURACY_VALUE',
'Maximum model space distance between geometric entities at asserted c
onnectivities');
#2932=UNCERTAINTY_MEASURE_WITH_UNIT(LENGTH_MEASURE(0.01),#2939,
'DISTANCE_ACCURACY_VALUE',
'Maximum model space distance between geometric entities at asserted c
onnectivities');
#2933=UNCERTAINTY_MEASURE_WITH_UNIT(LENGTH_MEASURE(0.01),#2939,
'DISTANCE_ACCURACY_VALUE',
'Maximum model space distance between geometric entities at asserted c
onnectivities');
#2934=(
GEOMETRIC_REPRESENTATION_CONTEXT(3)
GLOBAL_UNCERTAINTY_ASSIGNED_CONTEXT((#2929))
GLOBAL_UNIT_ASSIGNED_CONTEXT((#2939,#2941,#2942))
REPRESENTATION_CONTEXT('','3D')
);
#2935=(
GEOMETRIC_REPRESENTATION_CONTEXT(3)
GLOBAL_UNCERTAINTY_ASSIGNED_CONTEXT((#2930))
GLOBAL_UNIT_ASSIGNED_CONTEXT((#2939,#2941,#2942))
REPRESENTATION_CONTEXT('','3D')
);
#2936=(
GEOMETRIC_REPRESENTATION_CONTEXT(3)
GLOBAL_UNCERTAINTY_ASSIGNED_CONTEXT((#2931))
GLOBAL_UNIT_ASSIGNED_CONTEXT((#2939,#2941,#2942))
REPRESENTATION_CONTEXT('','3D')
);
#2937=(
GEOMETRIC_REPRESENTATION_CONTEXT(3)
GLOBAL_UNCERTAINTY_ASSIGNED_CONTEXT((#2932))
GLOBAL_UNIT_ASSIGNED_CONTEXT((#2939,#2941,#2942))
REPRESENTATION_CONTEXT('','3D')
);
#2938=(
GEOMETRIC_REPRESENTATION_CONTEXT(3)
GLOBAL_UNCERTAINTY_ASSIGNED_CONTEXT((#2933))
GLOBAL_UNIT_ASSIGNED_CONTEXT((#2939,#2941,#2942))
REPRESENTATION_CONTEXT('','3D')
);
#2939=(
LENGTH_UNIT()
NAMED_UNIT(*)
SI_UNIT(.MILLI.,.METRE.)
);
#2940=(
LENGTH_UNIT()
NAMED_UNIT(*)
SI_UNIT($,.METRE.)
);
#2941=(
NAMED_UNIT(*)
PLANE_ANGLE_UNIT()
SI_UNIT($,.RADIAN.)
);
#2942=(
NAMED_UNIT(*)
SI_UNIT($,.STERADIAN.)
SOLID_ANGLE_UNIT()
);
#2943=SHAPE_DEFINITION_REPRESENTATION(#2947,#2954);
#2944=SHAPE_DEFINITION_REPRESENTATION(#2948,#2955);
#2945=SHAPE_DEFINITION_REPRESENTATION(#2949,#2956);
#2946=SHAPE_DEFINITION_REPRESENTATION(#2951,#2957);
#2947=PRODUCT_DEFINITION_SHAPE('',$,#2959);
#2948=PRODUCT_DEFINITION_SHAPE('',$,#2960);
#2949=PRODUCT_DEFINITION_SHAPE('',$,#2961);
#2950=PRODUCT_DEFINITION_SHAPE($,$,#27);
#2951=PRODUCT_DEFINITION_SHAPE('',$,#2962);
#2952=PRODUCT_DEFINITION_SHAPE($,$,#28);
#2953=PRODUCT_DEFINITION_SHAPE($,$,#29);
#2954=SHAPE_REPRESENTATION('',(#1749,#1917,#1918),#2934);
#2955=SHAPE_REPRESENTATION('',(#1750,#1802),#2935);
#2956=SHAPE_REPRESENTATION('',(#1751),#2936);
#2957=SHAPE_REPRESENTATION('',(#1803),#2937);
#2958=PRODUCT_DEFINITION_CONTEXT('part definition',#2972,'design');
#2959=PRODUCT_DEFINITION('XT60E-F-2','XT60E-F-2 v8',#2963,#2958);
#2960=PRODUCT_DEFINITION('Pins','Pins',#2964,#2958);
#2961=PRODUCT_DEFINITION('pins_1','pins',#2965,#2958);
#2962=PRODUCT_DEFINITION('Panel Mount V2','Panel Mount V2',#2966,#2958);
#2963=PRODUCT_DEFINITION_FORMATION('',$,#2974);
#2964=PRODUCT_DEFINITION_FORMATION('',$,#2975);
#2965=PRODUCT_DEFINITION_FORMATION('',$,#2976);
#2966=PRODUCT_DEFINITION_FORMATION('',$,#2977);
#2967=PRODUCT_RELATED_PRODUCT_CATEGORY('XT60E-F-2 v8','XT60E-F-2 v8',(#2974));
#2968=PRODUCT_RELATED_PRODUCT_CATEGORY('Pins','Pins',(#2975));
#2969=PRODUCT_RELATED_PRODUCT_CATEGORY('pins','pins',(#2976));
#2970=PRODUCT_RELATED_PRODUCT_CATEGORY('Panel Mount V2',
'Panel Mount V2',(#2977));
#2971=APPLICATION_PROTOCOL_DEFINITION('international standard',
'automotive_design',2009,#2972);
#2972=APPLICATION_CONTEXT(
'Core Data for Automotive Mechanical Design Process');
#2973=PRODUCT_CONTEXT('part definition',#2972,'mechanical');
#2974=PRODUCT('XT60E-F-2','XT60E-F-2 v8',$,(#2973));
#2975=PRODUCT('Pins','Pins',$,(#2973));
#2976=PRODUCT('pins_1','pins',$,(#2973));
#2977=PRODUCT('Panel Mount V2','Panel Mount V2',$,(#2973));
#2978=PRESENTATION_STYLE_ASSIGNMENT((#2982));
#2979=PRESENTATION_STYLE_ASSIGNMENT((#2983));
#2980=PRESENTATION_STYLE_ASSIGNMENT((#2984));
#2981=PRESENTATION_STYLE_ASSIGNMENT((NULL_STYLE(.NULL.)));
#2982=SURFACE_STYLE_USAGE(.BOTH.,#2985);
#2983=SURFACE_STYLE_USAGE(.BOTH.,#2986);
#2984=SURFACE_STYLE_USAGE(.BOTH.,#2987);
#2985=SURFACE_SIDE_STYLE('',(#2988));
#2986=SURFACE_SIDE_STYLE('',(#2989));
#2987=SURFACE_SIDE_STYLE('',(#2990));
#2988=SURFACE_STYLE_FILL_AREA(#2991);
#2989=SURFACE_STYLE_FILL_AREA(#2992);
#2990=SURFACE_STYLE_FILL_AREA(#2993);
#2991=FILL_AREA_STYLE('Steel - Satin',(#2994));
#2992=FILL_AREA_STYLE('Opaque(255,204,51)',(#2995));
#2993=FILL_AREA_STYLE('Opaque(244,229,167)',(#2996));
#2994=FILL_AREA_STYLE_COLOUR('Steel - Satin',#2997);
#2995=FILL_AREA_STYLE_COLOUR('Opaque(255,204,51)',#2998);
#2996=FILL_AREA_STYLE_COLOUR('Opaque(244,229,167)',#2999);
#2997=COLOUR_RGB('Steel - Satin',0.627450980392157,0.627450980392157,0.627450980392157);
#2998=COLOUR_RGB('Opaque(255,204,51)',1.,0.8,0.2);
#2999=COLOUR_RGB('Opaque(244,229,167)',0.956862745098039,0.898039215686275,
0.654901960784314);
ENDSEC;
END-ISO-10303-21;
